deno;0.00%;0.37%;119.2MiB / 31.18GiB;491MB / 2.37GB;0B / 176kB;9 ;21:24:50
node;164.35%;0.26%;81.73MiB / 31.18GiB;191MB / 1.01GB;0B / 4.1kB;23 ;21:24:50
bun;0.00%;1.11%;353.3MiB / 31.18GiB;644MB / 3.53GB;0B / 0B;13 ;21:24:50
deno;0.00%;0.37%;119.2MiB / 31.18GiB;491MB / 2.37GB;0B / 176kB;9 ;21:24:53
node;128.14%;0.26%;81.75MiB / 31.18GiB;192MB / 1.02GB;0B / 4.1kB;23 ;21:24:53
bun;0.01%;1.11%;353.3MiB / 31.18GiB;644MB / 3.53GB;0B / 0B;13 ;21:24:53
deno;0.00%;0.37%;119.2MiB / 31.18GiB;491MB / 2.37GB;0B / 176kB;9 ;21:24:56
node;133.63%;0.27%;85.3MiB / 31.18GiB;194MB / 1.03GB;0B / 4.1kB;23 ;21:24:56
bun;0.00%;1.11%;353.3MiB / 31.18GiB;644MB / 3.53GB;0B / 0B;13 ;21:24:56
deno;0.00%;0.37%;119.2MiB / 31.18GiB;491MB / 2.37GB;0B / 176kB;9 ;21:24:59
node;128.20%;0.26%;82.4MiB / 31.18GiB;195MB / 1.03GB;0B / 4.1kB;23 ;21:24:59
bun;0.00%;1.11%;353.3MiB / 31.18GiB;644MB / 3.53GB;0B / 0B;13 ;21:24:59
deno;0.00%;0.37%;119.2MiB / 31.18GiB;491MB / 2.37GB;0B / 176kB;9 ;21:25:02
node;126.00%;0.25%;80.81MiB / 31.18GiB;196MB / 1.04GB;0B / 4.1kB;23 ;21:25:02
bun;0.00%;1.11%;353.3MiB / 31.18GiB;644MB / 3.53GB;0B / 0B;13 ;21:25:02
deno;0.00%;0.37%;119.2MiB / 31.18GiB;491MB / 2.37GB;0B / 176kB;9 ;21:25:05
node;124.67%;0.25%;80.71MiB / 31.18GiB;198MB / 1.04GB;0B / 4.1kB;23 ;21:25:05
bun;0.01%;1.11%;353.3MiB / 31.18GiB;644MB / 3.53GB;0B / 0B;13 ;21:25:05
deno;0.00%;0.37%;119.2MiB / 31.18GiB;491MB / 2.37GB;0B / 176kB;9 ;21:25:08
node;124.10%;0.25%;80.69MiB / 31.18GiB;199MB / 1.05GB;0B / 4.1kB;23 ;21:25:08
bun;0.00%;1.11%;353.3MiB / 31.18GiB;644MB / 3.53GB;0B / 0B;13 ;21:25:08
deno;0.00%;0.37%;119.2MiB / 31.18GiB;491MB / 2.37GB;0B / 176kB;9 ;21:25:11
node;124.10%;0.25%;79.91MiB / 31.18GiB;201MB / 1.06GB;0B / 4.1kB;23 ;21:25:11
bun;0.00%;1.11%;353.3MiB / 31.18GiB;644MB / 3.53GB;0B / 0B;13 ;21:25:11
deno;0.00%;0.37%;119.2MiB / 31.18GiB;491MB / 2.37GB;0B / 176kB;9 ;21:25:14
node;131.41%;0.26%;81.52MiB / 31.18GiB;201MB / 1.06GB;0B / 4.1kB;23 ;21:25:14
bun;0.00%;1.11%;353.3MiB / 31.18GiB;644MB / 3.53GB;0B / 0B;13 ;21:25:14
deno;0.00%;0.37%;119.2MiB / 31.18GiB;491MB / 2.37GB;0B / 176kB;9 ;21:25:17
node;125.20%;0.26%;81.7MiB / 31.18GiB;203MB / 1.07GB;0B / 4.1kB;23 ;21:25:17
bun;0.00%;1.11%;353.3MiB / 31.18GiB;644MB / 3.53GB;0B / 0B;13 ;21:25:17
deno;0.00%;0.37%;119.2MiB / 31.18GiB;491MB / 2.37GB;0B / 176kB;9 ;21:25:20
node;127.79%;0.25%;80.94MiB / 31.18GiB;205MB / 1.07GB;0B / 4.1kB;23 ;21:25:20
bun;0.00%;1.11%;353.3MiB / 31.18GiB;644MB / 3.53GB;0B / 0B;13 ;21:25:20
deno;0.00%;0.37%;119.2MiB / 31.18GiB;491MB / 2.37GB;0B / 176kB;9 ;21:25:23
node;128.46%;0.26%;81.9MiB / 31.18GiB;206MB / 1.08GB;0B / 4.1kB;23 ;21:25:23
bun;0.00%;1.11%;353.3MiB / 31.18GiB;644MB / 3.53GB;0B / 0B;13 ;21:25:23
deno;0.00%;0.37%;119.2MiB / 31.18GiB;491MB / 2.37GB;0B / 176kB;9 ;21:25:27
node;127.97%;0.26%;82.15MiB / 31.18GiB;207MB / 1.08GB;0B / 4.1kB;23 ;21:25:27
bun;0.00%;1.11%;353.3MiB / 31.18GiB;644MB / 3.53GB;0B / 0B;13 ;21:25:27
deno;0.00%;0.37%;119.2MiB / 31.18GiB;491MB / 2.37GB;0B / 176kB;9 ;21:25:30
node;129.49%;0.26%;82.04MiB / 31.18GiB;209MB / 1.09GB;0B / 4.1kB;23 ;21:25:30
bun;0.00%;1.11%;353.3MiB / 31.18GiB;644MB / 3.53GB;0B / 0B;13 ;21:25:30
deno;0.00%;0.37%;119.2MiB / 31.18GiB;491MB / 2.37GB;0B / 176kB;9 ;21:25:33
node;131.01%;0.26%;82.25MiB / 31.18GiB;210MB / 1.1GB;0B / 4.1kB;23 ;21:25:33
bun;0.00%;1.11%;353.3MiB / 31.18GiB;644MB / 3.53GB;0B / 0B;13 ;21:25:33
deno;0.00%;0.37%;119.2MiB / 31.18GiB;491MB / 2.37GB;0B / 176kB;9 ;21:25:36
node;127.25%;0.26%;82.11MiB / 31.18GiB;211MB / 1.1GB;0B / 4.1kB;23 ;21:25:36
bun;0.00%;1.11%;353.3MiB / 31.18GiB;644MB / 3.53GB;0B / 0B;13 ;21:25:36
deno;0.00%;0.37%;119.2MiB / 31.18GiB;491MB / 2.37GB;0B / 176kB;9 ;21:25:39
node;127.80%;0.26%;82.22MiB / 31.18GiB;212MB / 1.11GB;0B / 4.1kB;23 ;21:25:39
bun;0.00%;1.11%;353.3MiB / 31.18GiB;644MB / 3.53GB;0B / 0B;13 ;21:25:39
deno;0.00%;0.37%;119.2MiB / 31.18GiB;491MB / 2.37GB;0B / 176kB;9 ;21:25:42
node;132.88%;0.26%;82.48MiB / 31.18GiB;214MB / 1.11GB;0B / 4.1kB;23 ;21:25:42
bun;0.00%;1.11%;353.3MiB / 31.18GiB;644MB / 3.53GB;0B / 0B;13 ;21:25:42
deno;0.00%;0.37%;119.2MiB / 31.18GiB;491MB / 2.37GB;0B / 176kB;9 ;21:25:45
node;128.51%;0.26%;81.94MiB / 31.18GiB;215MB / 1.12GB;0B / 4.1kB;23 ;21:25:45
bun;0.00%;1.11%;353.3MiB / 31.18GiB;644MB / 3.53GB;0B / 0B;13 ;21:25:45
deno;0.00%;0.37%;119.2MiB / 31.18GiB;491MB / 2.37GB;0B / 176kB;9 ;21:25:48
node;131.43%;0.26%;82.36MiB / 31.18GiB;216MB / 1.12GB;0B / 4.1kB;23 ;21:25:48
bun;0.00%;1.11%;353.3MiB / 31.18GiB;644MB / 3.53GB;0B / 0B;13 ;21:25:48
deno;0.00%;0.37%;119.2MiB / 31.18GiB;491MB / 2.37GB;0B / 176kB;9 ;21:25:51
node;132.70%;0.26%;81.92MiB / 31.18GiB;218MB / 1.13GB;0B / 4.1kB;23 ;21:25:51
bun;0.00%;1.11%;353.3MiB / 31.18GiB;644MB / 3.53GB;0B / 0B;13 ;21:25:51
deno;0.00%;0.37%;119.2MiB / 31.18GiB;491MB / 2.37GB;0B / 176kB;9 ;21:25:54
node;126.35%;0.26%;83.45MiB / 31.18GiB;219MB / 1.13GB;0B / 4.1kB;23 ;21:25:54
bun;0.00%;1.11%;353.3MiB / 31.18GiB;644MB / 3.53GB;0B / 0B;13 ;21:25:54
deno;0.00%;0.37%;119.2MiB / 31.18GiB;491MB / 2.37GB;0B / 176kB;9 ;21:25:57
node;125.16%;0.26%;82.88MiB / 31.18GiB;220MB / 1.14GB;0B / 4.1kB;23 ;21:25:57
bun;0.00%;1.11%;353.3MiB / 31.18GiB;644MB / 3.53GB;0B / 0B;13 ;21:25:57
deno;0.00%;0.37%;119.2MiB / 31.18GiB;491MB / 2.37GB;0B / 176kB;9 ;21:26:00
node;129.96%;0.26%;81.89MiB / 31.18GiB;222MB / 1.15GB;0B / 4.1kB;23 ;21:26:00
bun;0.00%;1.11%;353.3MiB / 31.18GiB;644MB / 3.53GB;0B / 0B;13 ;21:26:00
deno;0.00%;0.37%;119.2MiB / 31.18GiB;491MB / 2.37GB;0B / 176kB;9 ;21:26:03
node;132.48%;0.26%;83.06MiB / 31.18GiB;223MB / 1.15GB;0B / 4.1kB;23 ;21:26:03
bun;0.00%;1.11%;353.3MiB / 31.18GiB;644MB / 3.53GB;0B / 0B;13 ;21:26:03
deno;0.00%;0.37%;119.2MiB / 31.18GiB;491MB / 2.37GB;0B / 176kB;9 ;21:26:06
node;126.53%;0.26%;82.09MiB / 31.18GiB;224MB / 1.16GB;0B / 4.1kB;23 ;21:26:06
bun;0.00%;1.11%;353.3MiB / 31.18GiB;644MB / 3.53GB;0B / 0B;13 ;21:26:06
deno;0.00%;0.37%;119.2MiB / 31.18GiB;491MB / 2.37GB;0B / 176kB;9 ;21:26:09
node;127.32%;0.26%;82.39MiB / 31.18GiB;226MB / 1.16GB;0B / 4.1kB;23 ;21:26:09
bun;0.00%;1.11%;353.3MiB / 31.18GiB;644MB / 3.53GB;0B / 0B;13 ;21:26:09
deno;0.00%;0.37%;119.2MiB / 31.18GiB;491MB / 2.37GB;0B / 176kB;9 ;21:26:12
node;132.61%;0.26%;82.46MiB / 31.18GiB;227MB / 1.17GB;0B / 4.1kB;23 ;21:26:12
bun;0.00%;1.11%;353.3MiB / 31.18GiB;644MB / 3.53GB;0B / 0B;13 ;21:26:12
deno;0.01%;0.37%;119.2MiB / 31.18GiB;491MB / 2.37GB;0B / 176kB;9 ;21:26:15
node;129.99%;0.26%;82.02MiB / 31.18GiB;228MB / 1.17GB;0B / 4.1kB;23 ;21:26:15
bun;0.00%;1.11%;353.3MiB / 31.18GiB;644MB / 3.53GB;0B / 0B;13 ;21:26:15
deno;0.00%;0.37%;119.2MiB / 31.18GiB;491MB / 2.37GB;0B / 176kB;9 ;21:26:18
node;129.26%;0.26%;82.45MiB / 31.18GiB;229MB / 1.18GB;0B / 4.1kB;23 ;21:26:18
bun;0.00%;1.11%;353.3MiB / 31.18GiB;644MB / 3.53GB;0B / 0B;13 ;21:26:18
deno;0.00%;0.37%;119.2MiB / 31.18GiB;491MB / 2.37GB;0B / 176kB;9 ;21:26:21
node;127.19%;0.26%;82.64MiB / 31.18GiB;231MB / 1.18GB;0B / 4.1kB;23 ;21:26:21
bun;0.00%;1.11%;353.3MiB / 31.18GiB;644MB / 3.53GB;0B / 0B;13 ;21:26:21
deno;0.00%;0.37%;119.2MiB / 31.18GiB;491MB / 2.37GB;0B / 176kB;9 ;21:26:24
node;130.95%;0.26%;83.94MiB / 31.18GiB;232MB / 1.19GB;0B / 4.1kB;23 ;21:26:24
bun;0.00%;1.11%;353.3MiB / 31.18GiB;644MB / 3.53GB;0B / 0B;13 ;21:26:24
deno;0.00%;0.37%;119.2MiB / 31.18GiB;491MB / 2.37GB;0B / 176kB;9 ;21:26:27
node;133.95%;0.26%;82.12MiB / 31.18GiB;233MB / 1.2GB;0B / 4.1kB;23 ;21:26:27
bun;0.00%;1.11%;353.3MiB / 31.18GiB;644MB / 3.53GB;0B / 0B;13 ;21:26:27
deno;0.00%;0.37%;119.2MiB / 31.18GiB;491MB / 2.37GB;0B / 176kB;9 ;21:26:30
node;133.35%;0.26%;82.25MiB / 31.18GiB;235MB / 1.2GB;0B / 4.1kB;23 ;21:26:30
bun;0.00%;1.11%;353.3MiB / 31.18GiB;644MB / 3.53GB;0B / 0B;13 ;21:26:30
deno;0.00%;0.37%;119.2MiB / 31.18GiB;491MB / 2.37GB;0B / 176kB;9 ;21:26:33
node;128.04%;0.26%;82.18MiB / 31.18GiB;236MB / 1.21GB;0B / 4.1kB;23 ;21:26:33
bun;0.01%;1.11%;353.3MiB / 31.18GiB;644MB / 3.53GB;0B / 0B;13 ;21:26:33
deno;0.00%;0.37%;119.2MiB / 31.18GiB;491MB / 2.37GB;0B / 176kB;9 ;21:26:36
node;128.61%;0.26%;82.62MiB / 31.18GiB;237MB / 1.21GB;0B / 4.1kB;23 ;21:26:36
bun;0.00%;1.11%;353.3MiB / 31.18GiB;644MB / 3.53GB;0B / 0B;13 ;21:26:36
deno;0.00%;0.37%;119.2MiB / 31.18GiB;491MB / 2.37GB;0B / 176kB;9 ;21:26:39
node;127.94%;0.26%;81.8MiB / 31.18GiB;238MB / 1.22GB;0B / 4.1kB;23 ;21:26:39
bun;0.00%;1.11%;353.3MiB / 31.18GiB;644MB / 3.53GB;0B / 0B;13 ;21:26:39
deno;0.00%;0.37%;119.2MiB / 31.18GiB;491MB / 2.37GB;0B / 176kB;9 ;21:26:42
node;127.87%;0.26%;82.06MiB / 31.18GiB;240MB / 1.22GB;0B / 4.1kB;23 ;21:26:42
bun;0.00%;1.11%;353.3MiB / 31.18GiB;644MB / 3.53GB;0B / 0B;13 ;21:26:42
deno;0.00%;0.37%;119.2MiB / 31.18GiB;491MB / 2.37GB;0B / 176kB;9 ;21:26:45
node;129.62%;0.26%;82.07MiB / 31.18GiB;241MB / 1.23GB;0B / 4.1kB;23 ;21:26:45
bun;0.00%;1.11%;353.3MiB / 31.18GiB;644MB / 3.53GB;0B / 0B;13 ;21:26:45
deno;0.00%;0.37%;119.2MiB / 31.18GiB;491MB / 2.37GB;0B / 176kB;9 ;21:26:48
node;127.09%;0.26%;82.42MiB / 31.18GiB;242MB / 1.23GB;0B / 4.1kB;23 ;21:26:48
bun;0.00%;1.11%;353.3MiB / 31.18GiB;644MB / 3.53GB;0B / 0B;13 ;21:26:48
deno;0.00%;0.37%;119.2MiB / 31.18GiB;491MB / 2.37GB;0B / 176kB;9 ;21:26:51
node;121.15%;0.26%;84.05MiB / 31.18GiB;244MB / 1.25GB;0B / 4.1kB;23 ;21:26:51
bun;0.00%;1.11%;353.3MiB / 31.18GiB;644MB / 3.53GB;0B / 0B;13 ;21:26:51
deno;0.00%;0.37%;119.2MiB / 31.18GiB;491MB / 2.37GB;0B / 176kB;9 ;21:26:54
node;120.06%;0.26%;83.69MiB / 31.18GiB;246MB / 1.26GB;0B / 4.1kB;23 ;21:26:54
bun;0.00%;1.11%;353.3MiB / 31.18GiB;644MB / 3.53GB;0B / 0B;13 ;21:26:54
deno;0.00%;0.37%;119.2MiB / 31.18GiB;491MB / 2.37GB;0B / 176kB;9 ;21:26:57
node;122.87%;0.26%;82.91MiB / 31.18GiB;248MB / 1.28GB;0B / 4.1kB;23 ;21:26:57
bun;0.00%;1.11%;353.3MiB / 31.18GiB;644MB / 3.53GB;0B / 0B;13 ;21:26:57
deno;0.00%;0.37%;119.2MiB / 31.18GiB;491MB / 2.37GB;0B / 176kB;9 ;21:27:00
node;119.15%;0.26%;83.84MiB / 31.18GiB;250MB / 1.29GB;0B / 4.1kB;23 ;21:27:00
bun;0.00%;1.11%;353.3MiB / 31.18GiB;644MB / 3.53GB;0B / 0B;13 ;21:27:00
deno;0.00%;0.37%;119.2MiB / 31.18GiB;491MB / 2.37GB;0B / 176kB;9 ;21:27:03
node;121.87%;0.26%;83.67MiB / 31.18GiB;252MB / 1.31GB;0B / 4.1kB;23 ;21:27:03
bun;0.00%;1.11%;353.3MiB / 31.18GiB;644MB / 3.53GB;0B / 0B;13 ;21:27:03
deno;0.00%;0.37%;119.2MiB / 31.18GiB;491MB / 2.37GB;0B / 176kB;9 ;21:27:06
node;120.76%;0.26%;83.37MiB / 31.18GiB;253MB / 1.32GB;0B / 4.1kB;23 ;21:27:06
bun;0.00%;1.11%;353.3MiB / 31.18GiB;644MB / 3.53GB;0B / 0B;13 ;21:27:06
deno;0.00%;0.37%;119.2MiB / 31.18GiB;491MB / 2.37GB;0B / 176kB;9 ;21:27:09
node;119.41%;0.26%;83.02MiB / 31.18GiB;255MB / 1.34GB;0B / 4.1kB;23 ;21:27:09
bun;0.00%;1.11%;353.3MiB / 31.18GiB;644MB / 3.53GB;0B / 0B;13 ;21:27:09
deno;0.00%;0.37%;119.2MiB / 31.18GiB;491MB / 2.37GB;0B / 176kB;9 ;21:27:12
node;124.20%;0.26%;82.85MiB / 31.18GiB;257MB / 1.35GB;0B / 4.1kB;23 ;21:27:12
bun;0.00%;1.11%;353.3MiB / 31.18GiB;644MB / 3.53GB;0B / 0B;13 ;21:27:12
deno;0.00%;0.37%;119.2MiB / 31.18GiB;491MB / 2.37GB;0B / 176kB;9 ;21:27:15
node;124.38%;0.26%;82.8MiB / 31.18GiB;259MB / 1.37GB;0B / 4.1kB;23 ;21:27:15
bun;0.00%;1.11%;353.3MiB / 31.18GiB;644MB / 3.53GB;0B / 0B;13 ;21:27:15
deno;0.00%;0.37%;119.2MiB / 31.18GiB;491MB / 2.37GB;0B / 176kB;9 ;21:27:19
node;119.37%;0.26%;83.06MiB / 31.18GiB;261MB / 1.38GB;0B / 4.1kB;23 ;21:27:19
bun;0.00%;1.11%;353.3MiB / 31.18GiB;644MB / 3.53GB;0B / 0B;13 ;21:27:19
deno;0.00%;0.37%;119.2MiB / 31.18GiB;491MB / 2.37GB;0B / 176kB;9 ;21:27:22
node;121.37%;0.26%;83.38MiB / 31.18GiB;263MB / 1.39GB;0B / 4.1kB;23 ;21:27:22
bun;0.00%;1.11%;353.3MiB / 31.18GiB;644MB / 3.53GB;0B / 0B;13 ;21:27:22
deno;0.00%;0.37%;119.2MiB / 31.18GiB;491MB / 2.37GB;0B / 176kB;9 ;21:27:25
node;121.62%;0.26%;83.87MiB / 31.18GiB;265MB / 1.41GB;0B / 4.1kB;23 ;21:27:25
bun;0.00%;1.11%;353.3MiB / 31.18GiB;644MB / 3.53GB;0B / 0B;13 ;21:27:25
deno;0.00%;0.37%;119.2MiB / 31.18GiB;491MB / 2.37GB;0B / 176kB;9 ;21:27:28
node;117.41%;0.26%;83.31MiB / 31.18GiB;267MB / 1.43GB;0B / 4.1kB;23 ;21:27:28
bun;0.01%;1.11%;353.3MiB / 31.18GiB;644MB / 3.53GB;0B / 0B;13 ;21:27:28
deno;0.00%;0.37%;119.2MiB / 31.18GiB;491MB / 2.37GB;0B / 176kB;9 ;21:27:31
node;122.26%;0.26%;83.75MiB / 31.18GiB;269MB / 1.44GB;0B / 4.1kB;23 ;21:27:31
bun;0.00%;1.11%;353.3MiB / 31.18GiB;644MB / 3.53GB;0B / 0B;13 ;21:27:31
deno;0.00%;0.37%;119.2MiB / 31.18GiB;491MB / 2.37GB;0B / 176kB;9 ;21:27:34
node;121.97%;0.26%;82.54MiB / 31.18GiB;271MB / 1.46GB;0B / 4.1kB;23 ;21:27:34
bun;0.00%;1.11%;353.3MiB / 31.18GiB;644MB / 3.53GB;0B / 0B;13 ;21:27:34
deno;0.00%;0.37%;119.2MiB / 31.18GiB;491MB / 2.37GB;0B / 176kB;9 ;21:27:37
node;118.62%;0.26%;83.42MiB / 31.18GiB;273MB / 1.47GB;0B / 4.1kB;23 ;21:27:37
bun;0.00%;1.11%;353.3MiB / 31.18GiB;644MB / 3.53GB;0B / 0B;13 ;21:27:37
deno;0.00%;0.37%;119.2MiB / 31.18GiB;491MB / 2.37GB;0B / 176kB;9 ;21:27:40
node;117.97%;0.26%;82.9MiB / 31.18GiB;275MB / 1.49GB;0B / 4.1kB;23 ;21:27:40
bun;0.00%;1.11%;353.3MiB / 31.18GiB;644MB / 3.53GB;0B / 0B;13 ;21:27:40
deno;0.00%;0.37%;119.2MiB / 31.18GiB;491MB / 2.37GB;0B / 176kB;9 ;21:27:43
node;119.52%;0.26%;82.25MiB / 31.18GiB;277MB / 1.5GB;0B / 4.1kB;23 ;21:27:43
bun;0.00%;1.11%;353.3MiB / 31.18GiB;644MB / 3.53GB;0B / 0B;13 ;21:27:43
deno;0.00%;0.37%;119.2MiB / 31.18GiB;491MB / 2.37GB;0B / 176kB;9 ;21:27:46
node;123.98%;0.26%;82.81MiB / 31.18GiB;278MB / 1.51GB;0B / 4.1kB;23 ;21:27:46
bun;0.00%;1.11%;353.3MiB / 31.18GiB;644MB / 3.53GB;0B / 0B;13 ;21:27:46
deno;0.00%;0.37%;119.2MiB / 31.18GiB;491MB / 2.37GB;0B / 176kB;9 ;21:27:49
node;114.39%;0.26%;82.66MiB / 31.18GiB;281MB / 1.53GB;0B / 4.1kB;23 ;21:27:49
bun;0.00%;1.11%;353.3MiB / 31.18GiB;644MB / 3.53GB;0B / 0B;13 ;21:27:49
deno;0.00%;0.37%;119.2MiB / 31.18GiB;491MB / 2.37GB;0B / 176kB;9 ;21:27:52
node;119.70%;0.26%;83.3MiB / 31.18GiB;283MB / 1.54GB;0B / 4.1kB;23 ;21:27:52
bun;0.00%;1.11%;353.3MiB / 31.18GiB;644MB / 3.53GB;0B / 0B;13 ;21:27:52
deno;0.00%;0.37%;119.2MiB / 31.18GiB;491MB / 2.37GB;0B / 176kB;9 ;21:27:55
node;119.88%;0.26%;83.27MiB / 31.18GiB;284MB / 1.56GB;0B / 4.1kB;23 ;21:27:55
bun;0.00%;1.11%;353.3MiB / 31.18GiB;644MB / 3.53GB;0B / 0B;13 ;21:27:55
deno;0.00%;0.37%;119.2MiB / 31.18GiB;491MB / 2.37GB;0B / 176kB;9 ;21:27:58
node;121.98%;0.26%;83.48MiB / 31.18GiB;286MB / 1.57GB;0B / 4.1kB;23 ;21:27:58
bun;0.00%;1.11%;353.3MiB / 31.18GiB;644MB / 3.53GB;0B / 0B;13 ;21:27:58
deno;0.00%;0.37%;119.2MiB / 31.18GiB;491MB / 2.37GB;0B / 176kB;9 ;21:28:01
node;118.87%;0.27%;86.14MiB / 31.18GiB;288MB / 1.59GB;0B / 4.1kB;23 ;21:28:01
bun;0.00%;1.11%;353.3MiB / 31.18GiB;644MB / 3.53GB;0B / 0B;13 ;21:28:01
deno;0.00%;0.37%;119.2MiB / 31.18GiB;491MB / 2.37GB;0B / 176kB;9 ;21:28:04
node;116.15%;0.26%;83.48MiB / 31.18GiB;290MB / 1.6GB;0B / 4.1kB;23 ;21:28:04
bun;0.00%;1.11%;353.3MiB / 31.18GiB;644MB / 3.53GB;0B / 0B;13 ;21:28:04
deno;0.00%;0.37%;119.2MiB / 31.18GiB;491MB / 2.37GB;0B / 176kB;9 ;21:28:07
node;123.00%;0.26%;83.02MiB / 31.18GiB;292MB / 1.62GB;0B / 4.1kB;23 ;21:28:07
bun;0.00%;1.11%;353.3MiB / 31.18GiB;644MB / 3.53GB;0B / 0B;13 ;21:28:07
deno;0.00%;0.37%;119.2MiB / 31.18GiB;491MB / 2.37GB;0B / 176kB;9 ;21:28:10
node;118.06%;0.26%;83.88MiB / 31.18GiB;294MB / 1.63GB;0B / 4.1kB;23 ;21:28:10
bun;0.00%;1.11%;353.3MiB / 31.18GiB;644MB / 3.53GB;0B / 0B;13 ;21:28:10
deno;0.00%;0.37%;119.2MiB / 31.18GiB;491MB / 2.37GB;0B / 176kB;9 ;21:28:13
node;120.76%;0.26%;83.27MiB / 31.18GiB;296MB / 1.65GB;0B / 4.1kB;23 ;21:28:13
bun;0.00%;1.11%;353.3MiB / 31.18GiB;644MB / 3.53GB;0B / 0B;13 ;21:28:13
deno;0.00%;0.37%;119.2MiB / 31.18GiB;491MB / 2.37GB;0B / 176kB;9 ;21:28:16
node;122.49%;0.26%;82.56MiB / 31.18GiB;298MB / 1.66GB;0B / 4.1kB;23 ;21:28:16
bun;0.00%;1.11%;353.3MiB / 31.18GiB;644MB / 3.53GB;0B / 0B;13 ;21:28:16
deno;0.00%;0.37%;119.2MiB / 31.18GiB;491MB / 2.37GB;0B / 176kB;9 ;21:28:19
node;123.55%;0.26%;82.9MiB / 31.18GiB;300MB / 1.68GB;0B / 4.1kB;23 ;21:28:19
bun;0.00%;1.11%;353.3MiB / 31.18GiB;644MB / 3.53GB;0B / 0B;13 ;21:28:19
deno;0.00%;0.37%;119.2MiB / 31.18GiB;491MB / 2.37GB;0B / 176kB;9 ;21:28:22
node;120.48%;0.26%;82.62MiB / 31.18GiB;302MB / 1.69GB;0B / 4.1kB;23 ;21:28:22
bun;0.00%;1.11%;353.3MiB / 31.18GiB;644MB / 3.53GB;0B / 0B;13 ;21:28:22
deno;0.00%;0.37%;119.2MiB / 31.18GiB;491MB / 2.37GB;0B / 176kB;9 ;21:28:25
node;122.31%;0.26%;83.11MiB / 31.18GiB;303MB / 1.7GB;0B / 4.1kB;23 ;21:28:25
bun;0.00%;1.11%;353.3MiB / 31.18GiB;644MB / 3.53GB;0B / 0B;13 ;21:28:25
deno;0.00%;0.37%;119.2MiB / 31.18GiB;491MB / 2.37GB;0B / 176kB;9 ;21:28:28
node;121.40%;0.26%;83.55MiB / 31.18GiB;306MB / 1.72GB;0B / 4.1kB;23 ;21:28:28
bun;0.00%;1.11%;353.3MiB / 31.18GiB;644MB / 3.53GB;0B / 0B;13 ;21:28:28
deno;0.00%;0.37%;119.2MiB / 31.18GiB;491MB / 2.37GB;0B / 176kB;9 ;21:28:31
node;120.82%;0.26%;82.56MiB / 31.18GiB;307MB / 1.74GB;0B / 4.1kB;23 ;21:28:31
bun;0.00%;1.11%;353.3MiB / 31.18GiB;644MB / 3.53GB;0B / 0B;13 ;21:28:31
deno;0.00%;0.37%;119.2MiB / 31.18GiB;491MB / 2.37GB;0B / 176kB;9 ;21:28:34
node;116.98%;0.26%;82.08MiB / 31.18GiB;309MB / 1.75GB;0B / 4.1kB;23 ;21:28:34
bun;0.00%;1.11%;353.3MiB / 31.18GiB;644MB / 3.53GB;0B / 0B;13 ;21:28:34
deno;0.00%;0.37%;119.2MiB / 31.18GiB;491MB / 2.37GB;0B / 176kB;9 ;21:28:37
node;120.77%;0.26%;83.41MiB / 31.18GiB;311MB / 1.77GB;0B / 4.1kB;23 ;21:28:37
bun;0.01%;1.11%;353.3MiB / 31.18GiB;644MB / 3.53GB;0B / 0B;13 ;21:28:37
deno;0.00%;0.37%;119.2MiB / 31.18GiB;491MB / 2.37GB;0B / 176kB;9 ;21:28:40
node;117.00%;0.26%;83.05MiB / 31.18GiB;313MB / 1.78GB;0B / 4.1kB;23 ;21:28:40
bun;0.01%;1.11%;353.3MiB / 31.18GiB;644MB / 3.53GB;0B / 0B;13 ;21:28:40
deno;0.00%;0.37%;119.2MiB / 31.18GiB;491MB / 2.37GB;0B / 176kB;9 ;21:28:43
node;121.74%;0.26%;82.58MiB / 31.18GiB;315MB / 1.8GB;0B / 4.1kB;23 ;21:28:43
bun;0.00%;1.11%;353.3MiB / 31.18GiB;644MB / 3.53GB;0B / 0B;13 ;21:28:43
deno;0.00%;0.37%;119.2MiB / 31.18GiB;491MB / 2.37GB;0B / 176kB;9 ;21:28:46
node;123.59%;0.26%;83.39MiB / 31.18GiB;317MB / 1.81GB;0B / 4.1kB;23 ;21:28:46
bun;0.00%;1.11%;353.3MiB / 31.18GiB;644MB / 3.53GB;0B / 0B;13 ;21:28:46
deno;0.00%;0.37%;119.2MiB / 31.18GiB;491MB / 2.37GB;0B / 176kB;9 ;21:28:49
node;118.64%;0.26%;83.14MiB / 31.18GiB;319MB / 1.82GB;0B / 4.1kB;23 ;21:28:49
bun;0.01%;1.11%;353.3MiB / 31.18GiB;644MB / 3.53GB;0B / 0B;13 ;21:28:49
deno;0.00%;0.37%;119.2MiB / 31.18GiB;491MB / 2.37GB;0B / 176kB;9 ;21:28:52
node;126.39%;0.26%;83.52MiB / 31.18GiB;320MB / 1.82GB;0B / 4.1kB;23 ;21:28:52
bun;0.00%;1.11%;353.3MiB / 31.18GiB;644MB / 3.53GB;0B / 0B;13 ;21:28:52
deno;0.00%;0.37%;119.2MiB / 31.18GiB;491MB / 2.37GB;0B / 176kB;9 ;21:28:55
node;127.71%;0.26%;84.25MiB / 31.18GiB;321MB / 1.83GB;0B / 4.1kB;23 ;21:28:55
bun;0.00%;1.11%;353.3MiB / 31.18GiB;644MB / 3.53GB;0B / 0B;13 ;21:28:55
deno;0.00%;0.37%;119.2MiB / 31.18GiB;491MB / 2.37GB;0B / 176kB;9 ;21:28:58
node;130.24%;0.27%;85.18MiB / 31.18GiB;322MB / 1.83GB;0B / 4.1kB;23 ;21:28:58
bun;0.00%;1.11%;353.3MiB / 31.18GiB;644MB / 3.53GB;0B / 0B;13 ;21:28:58
deno;0.00%;0.37%;119.2MiB / 31.18GiB;491MB / 2.37GB;0B / 176kB;9 ;21:29:01
node;127.56%;0.26%;84.44MiB / 31.18GiB;323MB / 1.83GB;0B / 4.1kB;23 ;21:29:01
bun;0.00%;1.11%;353.3MiB / 31.18GiB;644MB / 3.53GB;0B / 0B;13 ;21:29:01
deno;0.00%;0.37%;119.2MiB / 31.18GiB;491MB / 2.37GB;0B / 176kB;9 ;21:29:04
node;125.10%;0.26%;84.6MiB / 31.18GiB;323MB / 1.83GB;0B / 4.1kB;23 ;21:29:04
bun;0.00%;1.11%;353.3MiB / 31.18GiB;644MB / 3.53GB;0B / 0B;13 ;21:29:04
deno;0.00%;0.37%;119.2MiB / 31.18GiB;491MB / 2.37GB;0B / 176kB;9 ;21:29:07
node;126.89%;0.27%;85.71MiB / 31.18GiB;325MB / 1.84GB;0B / 4.1kB;23 ;21:29:07
bun;0.01%;1.11%;353.3MiB / 31.18GiB;644MB / 3.53GB;0B / 0B;13 ;21:29:07
deno;0.00%;0.37%;119.2MiB / 31.18GiB;491MB / 2.37GB;0B / 176kB;9 ;21:29:11
node;123.78%;0.27%;86.08MiB / 31.18GiB;326MB / 1.84GB;0B / 4.1kB;23 ;21:29:11
bun;0.00%;1.11%;353.3MiB / 31.18GiB;644MB / 3.53GB;0B / 0B;13 ;21:29:11
deno;0.00%;0.37%;119.2MiB / 31.18GiB;491MB / 2.37GB;0B / 176kB;9 ;21:29:14
node;126.62%;0.27%;85.41MiB / 31.18GiB;327MB / 1.84GB;0B / 4.1kB;23 ;21:29:14
bun;0.00%;1.11%;353.3MiB / 31.18GiB;644MB / 3.53GB;0B / 0B;13 ;21:29:14
deno;0.00%;0.37%;119.2MiB / 31.18GiB;491MB / 2.37GB;0B / 176kB;9 ;21:29:17
node;126.14%;0.27%;86.57MiB / 31.18GiB;328MB / 1.85GB;0B / 4.1kB;23 ;21:29:17
bun;0.00%;1.11%;353.3MiB / 31.18GiB;644MB / 3.53GB;0B / 0B;13 ;21:29:17
deno;0.00%;0.37%;119.2MiB / 31.18GiB;491MB / 2.37GB;0B / 176kB;9 ;21:29:20
node;128.65%;0.27%;86.16MiB / 31.18GiB;329MB / 1.85GB;0B / 4.1kB;23 ;21:29:20
bun;0.00%;1.11%;353.3MiB / 31.18GiB;644MB / 3.53GB;0B / 0B;13 ;21:29:20
deno;0.00%;0.37%;119.2MiB / 31.18GiB;491MB / 2.37GB;0B / 176kB;9 ;21:29:23
node;130.76%;0.27%;86.64MiB / 31.18GiB;330MB / 1.85GB;0B / 4.1kB;23 ;21:29:23
bun;0.00%;1.11%;353.3MiB / 31.18GiB;644MB / 3.53GB;0B / 0B;13 ;21:29:23
deno;0.00%;0.37%;119.2MiB / 31.18GiB;491MB / 2.37GB;0B / 176kB;9 ;21:29:25
node;127.22%;0.27%;87.08MiB / 31.18GiB;331MB / 1.85GB;0B / 4.1kB;23 ;21:29:25
bun;0.00%;1.11%;353.3MiB / 31.18GiB;644MB / 3.53GB;0B / 0B;13 ;21:29:25
deno;0.00%;0.37%;119.2MiB / 31.18GiB;491MB / 2.37GB;0B / 176kB;9 ;21:29:28
node;129.75%;0.27%;86.95MiB / 31.18GiB;332MB / 1.85GB;0B / 4.1kB;23 ;21:29:28
bun;0.00%;1.11%;353.3MiB / 31.18GiB;644MB / 3.53GB;0B / 0B;13 ;21:29:28
deno;0.00%;0.37%;119.2MiB / 31.18GiB;491MB / 2.37GB;0B / 176kB;9 ;21:29:31
node;126.61%;0.27%;87.29MiB / 31.18GiB;333MB / 1.86GB;0B / 4.1kB;23 ;21:29:31
bun;0.00%;1.11%;353.3MiB / 31.18GiB;644MB / 3.53GB;0B / 0B;13 ;21:29:31
deno;0.00%;0.37%;119.2MiB / 31.18GiB;491MB / 2.37GB;0B / 176kB;9 ;21:29:34
node;127.06%;0.27%;87.51MiB / 31.18GiB;334MB / 1.86GB;0B / 4.1kB;23 ;21:29:34
bun;0.00%;1.11%;353.3MiB / 31.18GiB;644MB / 3.53GB;0B / 0B;13 ;21:29:34
deno;0.00%;0.37%;119.2MiB / 31.18GiB;491MB / 2.37GB;0B / 176kB;9 ;21:29:37
node;128.29%;0.27%;87.45MiB / 31.18GiB;335MB / 1.86GB;0B / 4.1kB;23 ;21:29:37
bun;0.00%;1.11%;353.3MiB / 31.18GiB;644MB / 3.53GB;0B / 0B;13 ;21:29:37
deno;0.00%;0.37%;119.2MiB / 31.18GiB;491MB / 2.37GB;0B / 176kB;9 ;21:29:40
node;133.35%;0.27%;87.25MiB / 31.18GiB;336MB / 1.87GB;0B / 4.1kB;23 ;21:29:40
bun;0.00%;1.11%;353.3MiB / 31.18GiB;644MB / 3.53GB;0B / 0B;13 ;21:29:40
deno;0.00%;0.37%;119.2MiB / 31.18GiB;491MB / 2.37GB;0B / 176kB;9 ;21:29:43
node;123.08%;0.27%;87.63MiB / 31.18GiB;337MB / 1.87GB;0B / 4.1kB;23 ;21:29:43
bun;0.00%;1.11%;353.3MiB / 31.18GiB;644MB / 3.53GB;0B / 0B;13 ;21:29:43
deno;0.00%;0.37%;119.2MiB / 31.18GiB;491MB / 2.37GB;0B / 176kB;9 ;21:29:46
node;124.81%;0.28%;87.88MiB / 31.18GiB;338MB / 1.87GB;0B / 4.1kB;23 ;21:29:46
bun;0.00%;1.11%;353.3MiB / 31.18GiB;644MB / 3.53GB;0B / 0B;13 ;21:29:46
deno;0.00%;0.37%;119.2MiB / 31.18GiB;491MB / 2.37GB;0B / 176kB;9 ;21:29:49
node;127.21%;0.28%;87.87MiB / 31.18GiB;339MB / 1.87GB;0B / 4.1kB;23 ;21:29:49
bun;0.00%;1.11%;353.3MiB / 31.18GiB;644MB / 3.53GB;0B / 0B;13 ;21:29:49
deno;0.00%;0.37%;119.2MiB / 31.18GiB;491MB / 2.37GB;0B / 176kB;9 ;21:29:52
node;124.88%;0.28%;88.36MiB / 31.18GiB;340MB / 1.88GB;0B / 4.1kB;23 ;21:29:52
bun;0.00%;1.11%;353.3MiB / 31.18GiB;644MB / 3.53GB;0B / 0B;13 ;21:29:52
deno;0.00%;0.37%;119.2MiB / 31.18GiB;491MB / 2.37GB;0B / 176kB;9 ;21:29:55
node;132.26%;0.28%;88.63MiB / 31.18GiB;341MB / 1.88GB;0B / 4.1kB;23 ;21:29:55
bun;0.00%;1.11%;353.3MiB / 31.18GiB;644MB / 3.53GB;0B / 0B;13 ;21:29:55
deno;0.00%;0.37%;119.2MiB / 31.18GiB;491MB / 2.37GB;0B / 176kB;9 ;21:29:58
node;127.96%;0.28%;89.19MiB / 31.18GiB;342MB / 1.88GB;0B / 4.1kB;23 ;21:29:58
bun;0.00%;1.11%;353.3MiB / 31.18GiB;644MB / 3.53GB;0B / 0B;13 ;21:29:58
deno;0.00%;0.37%;119.2MiB / 31.18GiB;491MB / 2.37GB;0B / 176kB;9 ;21:30:01
node;129.06%;0.28%;88.95MiB / 31.18GiB;343MB / 1.88GB;0B / 4.1kB;23 ;21:30:01
bun;0.00%;1.11%;353.3MiB / 31.18GiB;644MB / 3.53GB;0B / 0B;13 ;21:30:01
deno;0.00%;0.37%;119.2MiB / 31.18GiB;491MB / 2.37GB;0B / 176kB;9 ;21:30:04
node;131.28%;0.28%;89.64MiB / 31.18GiB;345MB / 1.89GB;0B / 4.1kB;23 ;21:30:04
bun;0.00%;1.11%;353.3MiB / 31.18GiB;644MB / 3.53GB;0B / 0B;13 ;21:30:04
deno;0.00%;0.37%;119.2MiB / 31.18GiB;491MB / 2.37GB;0B / 176kB;9 ;21:30:07
node;131.33%;0.28%;89.86MiB / 31.18GiB;346MB / 1.89GB;0B / 4.1kB;23 ;21:30:07
bun;0.00%;1.11%;353.3MiB / 31.18GiB;644MB / 3.53GB;0B / 0B;13 ;21:30:07
deno;0.00%;0.37%;119.2MiB / 31.18GiB;491MB / 2.37GB;0B / 176kB;9 ;21:30:10
node;128.21%;0.28%;90.09MiB / 31.18GiB;346MB / 1.89GB;0B / 4.1kB;23 ;21:30:10
bun;0.00%;1.11%;353.3MiB / 31.18GiB;644MB / 3.53GB;0B / 0B;13 ;21:30:10
deno;0.00%;0.37%;119.2MiB / 31.18GiB;491MB / 2.37GB;0B / 176kB;9 ;21:30:13
node;125.69%;0.28%;90.45MiB / 31.18GiB;348MB / 1.89GB;0B / 4.1kB;23 ;21:30:13
bun;0.00%;1.11%;353.3MiB / 31.18GiB;644MB / 3.53GB;0B / 0B;13 ;21:30:13
deno;0.00%;0.37%;119.2MiB / 31.18GiB;491MB / 2.37GB;0B / 176kB;9 ;21:30:16
node;117.70%;0.28%;90.77MiB / 31.18GiB;349MB / 1.9GB;0B / 4.1kB;23 ;21:30:16
bun;0.00%;1.11%;353.3MiB / 31.18GiB;644MB / 3.53GB;0B / 0B;13 ;21:30:16
deno;0.00%;0.37%;119.2MiB / 31.18GiB;491MB / 2.37GB;0B / 176kB;9 ;21:30:19
node;123.50%;0.28%;90.95MiB / 31.18GiB;350MB / 1.9GB;0B / 4.1kB;23 ;21:30:19
bun;0.00%;1.11%;353.3MiB / 31.18GiB;644MB / 3.53GB;0B / 0B;13 ;21:30:19
deno;0.00%;0.37%;119.2MiB / 31.18GiB;491MB / 2.37GB;0B / 176kB;9 ;21:30:22
node;124.69%;0.29%;91.18MiB / 31.18GiB;351MB / 1.9GB;0B / 4.1kB;23 ;21:30:22
bun;0.00%;1.11%;353.3MiB / 31.18GiB;644MB / 3.53GB;0B / 0B;13 ;21:30:22
deno;0.00%;0.37%;119.2MiB / 31.18GiB;491MB / 2.37GB;0B / 176kB;9 ;21:30:25
node;122.33%;0.29%;91.53MiB / 31.18GiB;352MB / 1.9GB;0B / 4.1kB;23 ;21:30:25
bun;0.00%;1.11%;353.3MiB / 31.18GiB;644MB / 3.53GB;0B / 0B;13 ;21:30:25
deno;0.00%;0.37%;119.2MiB / 31.18GiB;491MB / 2.37GB;0B / 176kB;9 ;21:30:28
node;132.39%;0.29%;91.67MiB / 31.18GiB;353MB / 1.91GB;0B / 4.1kB;23 ;21:30:28
bun;0.00%;1.11%;353.3MiB / 31.18GiB;644MB / 3.53GB;0B / 0B;13 ;21:30:28
deno;0.00%;0.37%;119.2MiB / 31.18GiB;491MB / 2.37GB;0B / 176kB;9 ;21:30:31
node;131.42%;0.29%;92.05MiB / 31.18GiB;354MB / 1.91GB;0B / 4.1kB;23 ;21:30:31
bun;0.00%;1.11%;353.3MiB / 31.18GiB;644MB / 3.53GB;0B / 0B;13 ;21:30:31
deno;0.00%;0.37%;119.2MiB / 31.18GiB;491MB / 2.37GB;0B / 176kB;9 ;21:30:34
node;127.33%;0.29%;91.84MiB / 31.18GiB;355MB / 1.91GB;0B / 4.1kB;23 ;21:30:34
bun;0.00%;1.11%;353.3MiB / 31.18GiB;644MB / 3.53GB;0B / 0B;13 ;21:30:34
deno;0.00%;0.37%;119.2MiB / 31.18GiB;491MB / 2.37GB;0B / 176kB;9 ;21:30:37
node;121.22%;0.29%;92.57MiB / 31.18GiB;356MB / 1.92GB;0B / 4.1kB;23 ;21:30:37
bun;0.01%;1.11%;353.3MiB / 31.18GiB;644MB / 3.53GB;0B / 0B;13 ;21:30:37
deno;0.00%;0.37%;119.2MiB / 31.18GiB;491MB / 2.37GB;0B / 176kB;9 ;21:30:40
node;127.42%;0.29%;92.14MiB / 31.18GiB;357MB / 1.92GB;0B / 4.1kB;23 ;21:30:40
bun;0.00%;1.11%;353.3MiB / 31.18GiB;644MB / 3.53GB;0B / 0B;13 ;21:30:40
deno;0.00%;0.37%;119.2MiB / 31.18GiB;491MB / 2.37GB;0B / 176kB;9 ;21:30:43
node;128.39%;0.29%;92.89MiB / 31.18GiB;358MB / 1.92GB;0B / 4.1kB;23 ;21:30:43
bun;0.00%;1.11%;353.3MiB / 31.18GiB;644MB / 3.53GB;0B / 0B;13 ;21:30:43
deno;0.00%;0.37%;119.2MiB / 31.18GiB;491MB / 2.37GB;0B / 176kB;9 ;21:30:46
node;126.71%;0.29%;92.57MiB / 31.18GiB;359MB / 1.92GB;0B / 4.1kB;23 ;21:30:46
bun;0.00%;1.11%;353.3MiB / 31.18GiB;644MB / 3.53GB;0B / 0B;13 ;21:30:46
deno;0.00%;0.37%;119.2MiB / 31.18GiB;491MB / 2.37GB;0B / 176kB;9 ;21:30:49
node;79.01%;0.29%;93.93MiB / 31.18GiB;360MB / 1.93GB;0B / 4.1kB;23 ;21:30:49
bun;0.00%;1.11%;353.3MiB / 31.18GiB;644MB / 3.53GB;0B / 0B;13 ;21:30:49
deno;0.00%;0.37%;119.2MiB / 31.18GiB;491MB / 2.37GB;0B / 176kB;9 ;21:30:52
node;0.00%;0.29%;93.93MiB / 31.18GiB;360MB / 1.93GB;0B / 4.1kB;23 ;21:30:52
bun;107.77%;1.13%;360.4MiB / 31.18GiB;649MB / 3.54GB;0B / 0B;21 ;21:30:52
deno;0.00%;0.37%;119.2MiB / 31.18GiB;491MB / 2.37GB;0B / 176kB;9 ;21:30:55
node;0.00%;0.29%;93.93MiB / 31.18GiB;360MB / 1.93GB;0B / 4.1kB;23 ;21:30:55
bun;108.59%;1.17%;372.6MiB / 31.18GiB;656MB / 3.55GB;0B / 0B;21 ;21:30:55
deno;0.00%;0.37%;119.2MiB / 31.18GiB;491MB / 2.37GB;0B / 176kB;9 ;21:30:58
node;0.00%;0.29%;93.93MiB / 31.18GiB;360MB / 1.93GB;0B / 4.1kB;23 ;21:30:58
bun;107.59%;1.18%;375.8MiB / 31.18GiB;662MB / 3.57GB;0B / 0B;21 ;21:30:58
deno;0.00%;0.37%;119.2MiB / 31.18GiB;491MB / 2.37GB;0B / 176kB;9 ;21:31:02
node;0.00%;0.29%;93.93MiB / 31.18GiB;360MB / 1.93GB;0B / 4.1kB;23 ;21:31:02
bun;107.87%;1.14%;364.7MiB / 31.18GiB;668MB / 3.58GB;0B / 0B;21 ;21:31:02
deno;0.00%;0.37%;119.2MiB / 31.18GiB;491MB / 2.37GB;0B / 176kB;9 ;21:31:05
node;0.00%;0.29%;93.93MiB / 31.18GiB;360MB / 1.93GB;0B / 4.1kB;23 ;21:31:05
bun;107.58%;1.18%;375.7MiB / 31.18GiB;675MB / 3.59GB;0B / 0B;21 ;21:31:05
deno;0.00%;0.37%;119.2MiB / 31.18GiB;491MB / 2.37GB;0B / 176kB;9 ;21:31:08
node;0.00%;0.29%;93.93MiB / 31.18GiB;360MB / 1.93GB;0B / 4.1kB;23 ;21:31:08
bun;106.89%;1.15%;365.8MiB / 31.18GiB;683MB / 3.61GB;0B / 0B;21 ;21:31:08
deno;0.00%;0.37%;119.2MiB / 31.18GiB;491MB / 2.37GB;0B / 176kB;9 ;21:31:11
node;0.00%;0.29%;93.93MiB / 31.18GiB;360MB / 1.93GB;0B / 4.1kB;23 ;21:31:11
bun;109.11%;1.18%;376.6MiB / 31.18GiB;689MB / 3.63GB;0B / 0B;21 ;21:31:11
deno;0.00%;0.37%;119.2MiB / 31.18GiB;491MB / 2.37GB;0B / 176kB;9 ;21:31:14
node;0.00%;0.29%;93.93MiB / 31.18GiB;360MB / 1.93GB;0B / 4.1kB;23 ;21:31:14
bun;108.64%;1.14%;365.2MiB / 31.18GiB;696MB / 3.64GB;0B / 0B;21 ;21:31:14
deno;0.00%;0.37%;119.2MiB / 31.18GiB;491MB / 2.37GB;0B / 176kB;9 ;21:31:17
node;0.00%;0.29%;93.93MiB / 31.18GiB;360MB / 1.93GB;0B / 4.1kB;23 ;21:31:17
bun;107.94%;1.16%;369.3MiB / 31.18GiB;700MB / 3.65GB;0B / 0B;21 ;21:31:17
deno;0.00%;0.37%;119.2MiB / 31.18GiB;491MB / 2.37GB;0B / 176kB;9 ;21:31:20
node;0.00%;0.29%;93.93MiB / 31.18GiB;360MB / 1.93GB;0B / 4.1kB;23 ;21:31:20
bun;102.86%;1.18%;375.3MiB / 31.18GiB;706MB / 3.66GB;0B / 0B;21 ;21:31:20
deno;0.00%;0.37%;119.2MiB / 31.18GiB;491MB / 2.37GB;0B / 176kB;9 ;21:31:23
node;0.00%;0.29%;93.93MiB / 31.18GiB;360MB / 1.93GB;0B / 4.1kB;23 ;21:31:23
bun;108.65%;1.14%;364.2MiB / 31.18GiB;712MB / 3.67GB;0B / 0B;21 ;21:31:23
deno;0.00%;0.37%;119.2MiB / 31.18GiB;491MB / 2.37GB;0B / 176kB;9 ;21:31:26
node;0.00%;0.29%;93.93MiB / 31.18GiB;360MB / 1.93GB;0B / 4.1kB;23 ;21:31:26
bun;109.06%;1.18%;376.7MiB / 31.18GiB;719MB / 3.69GB;0B / 0B;21 ;21:31:26
deno;0.00%;0.37%;119.2MiB / 31.18GiB;491MB / 2.37GB;0B / 176kB;9 ;21:31:29
node;0.00%;0.29%;93.93MiB / 31.18GiB;360MB / 1.93GB;0B / 4.1kB;23 ;21:31:29
bun;108.78%;1.15%;366.4MiB / 31.18GiB;725MB / 3.7GB;0B / 0B;21 ;21:31:29
deno;0.00%;0.37%;119.2MiB / 31.18GiB;491MB / 2.37GB;0B / 176kB;9 ;21:31:32
node;0.00%;0.29%;93.93MiB / 31.18GiB;360MB / 1.93GB;0B / 4.1kB;23 ;21:31:32
bun;108.24%;1.17%;373.4MiB / 31.18GiB;732MB / 3.72GB;0B / 0B;21 ;21:31:32
deno;0.00%;0.37%;119.2MiB / 31.18GiB;491MB / 2.37GB;0B / 176kB;9 ;21:31:34
node;0.00%;0.29%;93.93MiB / 31.18GiB;360MB / 1.93GB;0B / 4.1kB;23 ;21:31:34
bun;107.46%;1.16%;370.4MiB / 31.18GiB;738MB / 3.73GB;0B / 0B;21 ;21:31:34
deno;0.00%;0.37%;119.2MiB / 31.18GiB;491MB / 2.37GB;0B / 176kB;9 ;21:31:37
node;0.00%;0.29%;93.93MiB / 31.18GiB;360MB / 1.93GB;0B / 4.1kB;23 ;21:31:37
bun;109.11%;1.14%;363.7MiB / 31.18GiB;742MB / 3.74GB;0B / 0B;21 ;21:31:37
deno;0.00%;0.37%;119.2MiB / 31.18GiB;491MB / 2.37GB;0B / 176kB;9 ;21:31:40
node;0.00%;0.29%;93.93MiB / 31.18GiB;360MB / 1.93GB;0B / 4.1kB;23 ;21:31:40
bun;102.56%;1.17%;373.6MiB / 31.18GiB;750MB / 3.76GB;0B / 0B;21 ;21:31:40
deno;0.00%;0.37%;119.2MiB / 31.18GiB;491MB / 2.37GB;0B / 176kB;9 ;21:31:43
node;0.00%;0.29%;93.93MiB / 31.18GiB;360MB / 1.93GB;0B / 4.1kB;23 ;21:31:43
bun;107.25%;1.14%;364MiB / 31.18GiB;756MB / 3.77GB;0B / 0B;21 ;21:31:43
deno;0.00%;0.37%;119.2MiB / 31.18GiB;491MB / 2.37GB;0B / 176kB;9 ;21:31:46
node;0.00%;0.29%;93.93MiB / 31.18GiB;360MB / 1.93GB;0B / 4.1kB;23 ;21:31:46
bun;104.59%;1.17%;372.6MiB / 31.18GiB;761MB / 3.78GB;0B / 0B;21 ;21:31:46
deno;0.00%;0.37%;119.2MiB / 31.18GiB;491MB / 2.37GB;0B / 176kB;9 ;21:31:49
node;0.00%;0.29%;93.93MiB / 31.18GiB;360MB / 1.93GB;0B / 4.1kB;23 ;21:31:49
bun;108.65%;1.16%;370.4MiB / 31.18GiB;767MB / 3.79GB;0B / 0B;21 ;21:31:49
deno;0.00%;0.37%;119.2MiB / 31.18GiB;491MB / 2.37GB;0B / 176kB;9 ;21:31:52
node;0.00%;0.29%;93.93MiB / 31.18GiB;360MB / 1.93GB;0B / 4.1kB;23 ;21:31:52
bun;105.40%;1.15%;367.8MiB / 31.18GiB;773MB / 3.81GB;0B / 0B;21 ;21:31:52
deno;0.00%;0.37%;119.2MiB / 31.18GiB;491MB / 2.37GB;0B / 176kB;9 ;21:31:55
node;0.00%;0.29%;93.93MiB / 31.18GiB;360MB / 1.93GB;0B / 4.1kB;23 ;21:31:55
bun;106.38%;1.18%;375.6MiB / 31.18GiB;780MB / 3.82GB;0B / 0B;21 ;21:31:55
deno;0.00%;0.37%;119.2MiB / 31.18GiB;491MB / 2.37GB;0B / 176kB;9 ;21:31:58
node;0.00%;0.29%;93.93MiB / 31.18GiB;360MB / 1.93GB;0B / 4.1kB;23 ;21:31:58
bun;108.65%;1.15%;368.5MiB / 31.18GiB;789MB / 3.84GB;0B / 0B;21 ;21:31:58
deno;0.00%;0.37%;119.2MiB / 31.18GiB;491MB / 2.37GB;0B / 176kB;9 ;21:32:01
node;0.00%;0.29%;93.93MiB / 31.18GiB;360MB / 1.93GB;0B / 4.1kB;23 ;21:32:01
bun;104.20%;1.17%;375MiB / 31.18GiB;795MB / 3.85GB;0B / 0B;21 ;21:32:01
deno;0.00%;0.37%;119.2MiB / 31.18GiB;491MB / 2.37GB;0B / 176kB;9 ;21:32:04
node;0.00%;0.29%;93.93MiB / 31.18GiB;360MB / 1.93GB;0B / 4.1kB;23 ;21:32:04
bun;107.65%;1.14%;365.1MiB / 31.18GiB;802MB / 3.87GB;0B / 0B;21 ;21:32:04
deno;0.00%;0.37%;119.2MiB / 31.18GiB;491MB / 2.37GB;0B / 176kB;9 ;21:32:07
node;0.00%;0.29%;93.93MiB / 31.18GiB;360MB / 1.93GB;0B / 4.1kB;23 ;21:32:07
bun;106.76%;1.17%;373.8MiB / 31.18GiB;806MB / 3.88GB;0B / 0B;21 ;21:32:07
deno;0.00%;0.37%;119.2MiB / 31.18GiB;491MB / 2.37GB;0B / 176kB;9 ;21:32:10
node;0.00%;0.29%;93.93MiB / 31.18GiB;360MB / 1.93GB;0B / 4.1kB;23 ;21:32:10
bun;106.78%;1.16%;370.8MiB / 31.18GiB;812MB / 3.89GB;0B / 0B;21 ;21:32:10
deno;0.00%;0.37%;119.2MiB / 31.18GiB;491MB / 2.37GB;0B / 176kB;9 ;21:32:13
node;0.00%;0.29%;93.93MiB / 31.18GiB;360MB / 1.93GB;0B / 4.1kB;23 ;21:32:13
bun;108.94%;1.17%;373.5MiB / 31.18GiB;821MB / 3.91GB;0B / 0B;21 ;21:32:13
deno;0.00%;0.37%;119.2MiB / 31.18GiB;491MB / 2.37GB;0B / 176kB;9 ;21:32:16
node;0.00%;0.29%;93.93MiB / 31.18GiB;360MB / 1.93GB;0B / 4.1kB;23 ;21:32:16
bun;109.88%;1.16%;368.8MiB / 31.18GiB;827MB / 3.92GB;0B / 0B;21 ;21:32:16
deno;0.00%;0.37%;119.2MiB / 31.18GiB;491MB / 2.37GB;0B / 176kB;9 ;21:32:19
node;0.00%;0.29%;93.93MiB / 31.18GiB;360MB / 1.93GB;0B / 4.1kB;23 ;21:32:19
bun;108.44%;1.16%;369.6MiB / 31.18GiB;834MB / 3.94GB;0B / 0B;21 ;21:32:19
deno;0.00%;0.37%;119.2MiB / 31.18GiB;491MB / 2.37GB;0B / 176kB;9 ;21:32:22
node;0.00%;0.29%;93.93MiB / 31.18GiB;360MB / 1.93GB;0B / 4.1kB;23 ;21:32:22
bun;108.53%;1.18%;376.5MiB / 31.18GiB;838MB / 3.94GB;0B / 0B;21 ;21:32:22
deno;0.00%;0.37%;119.2MiB / 31.18GiB;491MB / 2.37GB;0B / 176kB;9 ;21:32:25
node;0.00%;0.29%;93.93MiB / 31.18GiB;360MB / 1.93GB;0B / 4.1kB;23 ;21:32:25
bun;109.34%;1.14%;365.4MiB / 31.18GiB;844MB / 3.96GB;0B / 0B;21 ;21:32:25
deno;0.00%;0.37%;119.2MiB / 31.18GiB;491MB / 2.37GB;0B / 176kB;9 ;21:32:28
node;0.00%;0.29%;93.93MiB / 31.18GiB;360MB / 1.93GB;0B / 4.1kB;23 ;21:32:28
bun;108.19%;1.17%;374.5MiB / 31.18GiB;851MB / 3.97GB;0B / 0B;21 ;21:32:28
deno;0.00%;0.37%;119.2MiB / 31.18GiB;491MB / 2.37GB;0B / 176kB;9 ;21:32:31
node;0.00%;0.29%;93.93MiB / 31.18GiB;360MB / 1.93GB;0B / 4.1kB;23 ;21:32:31
bun;108.09%;1.16%;369.8MiB / 31.18GiB;857MB / 3.99GB;0B / 0B;21 ;21:32:31
deno;0.00%;0.37%;119.2MiB / 31.18GiB;491MB / 2.37GB;0B / 176kB;9 ;21:32:34
node;0.00%;0.29%;93.93MiB / 31.18GiB;360MB / 1.93GB;0B / 4.1kB;23 ;21:32:34
bun;106.12%;1.16%;370.7MiB / 31.18GiB;864MB / 4GB;0B / 0B;21 ;21:32:34
deno;0.00%;0.37%;119.2MiB / 31.18GiB;491MB / 2.37GB;0B / 176kB;9 ;21:32:37
node;0.00%;0.29%;93.93MiB / 31.18GiB;360MB / 1.93GB;0B / 4.1kB;23 ;21:32:37
bun;109.53%;1.18%;375.2MiB / 31.18GiB;870MB / 4.02GB;0B / 0B;21 ;21:32:37
deno;0.00%;0.37%;119.2MiB / 31.18GiB;491MB / 2.37GB;0B / 176kB;9 ;21:32:40
node;0.00%;0.29%;93.93MiB / 31.18GiB;360MB / 1.93GB;0B / 4.1kB;23 ;21:32:40
bun;108.86%;1.15%;366.4MiB / 31.18GiB;877MB / 4.03GB;0B / 0B;21 ;21:32:40
deno;0.00%;0.37%;119.2MiB / 31.18GiB;491MB / 2.37GB;0B / 176kB;9 ;21:32:43
node;0.00%;0.29%;93.93MiB / 31.18GiB;360MB / 1.93GB;0B / 4.1kB;23 ;21:32:43
bun;107.19%;1.18%;375.4MiB / 31.18GiB;883MB / 4.04GB;0B / 0B;21 ;21:32:43
deno;0.00%;0.37%;119.2MiB / 31.18GiB;491MB / 2.37GB;0B / 176kB;9 ;21:32:46
node;0.00%;0.29%;93.93MiB / 31.18GiB;360MB / 1.93GB;0B / 4.1kB;23 ;21:32:46
bun;108.53%;1.14%;365.3MiB / 31.18GiB;889MB / 4.06GB;0B / 0B;21 ;21:32:46
deno;0.00%;0.37%;119.2MiB / 31.18GiB;491MB / 2.37GB;0B / 176kB;9 ;21:32:49
node;0.00%;0.29%;93.93MiB / 31.18GiB;360MB / 1.93GB;0B / 4.1kB;23 ;21:32:49
bun;107.27%;1.18%;376.3MiB / 31.18GiB;898MB / 4.08GB;0B / 0B;21 ;21:32:49
deno;0.00%;0.37%;119.2MiB / 31.18GiB;491MB / 2.37GB;0B / 176kB;9 ;21:32:52
node;0.00%;0.29%;93.93MiB / 31.18GiB;360MB / 1.93GB;0B / 4.1kB;23 ;21:32:52
bun;108.26%;1.16%;369.7MiB / 31.18GiB;901MB / 4.12GB;0B / 0B;21 ;21:32:52
deno;0.00%;0.37%;119.2MiB / 31.18GiB;491MB / 2.37GB;0B / 176kB;9 ;21:32:55
node;0.00%;0.29%;93.93MiB / 31.18GiB;360MB / 1.93GB;0B / 4.1kB;23 ;21:32:55
bun;107.06%;1.12%;357.7MiB / 31.18GiB;909MB / 4.2GB;0B / 0B;21 ;21:32:55
deno;0.00%;0.37%;119.2MiB / 31.18GiB;491MB / 2.37GB;0B / 176kB;9 ;21:32:58
node;0.00%;0.29%;93.93MiB / 31.18GiB;360MB / 1.93GB;0B / 4.1kB;23 ;21:32:58
bun;107.63%;1.13%;359.4MiB / 31.18GiB;915MB / 4.27GB;0B / 0B;21 ;21:32:58
deno;0.00%;0.37%;119.2MiB / 31.18GiB;491MB / 2.37GB;0B / 176kB;9 ;21:33:02
node;0.00%;0.29%;93.93MiB / 31.18GiB;360MB / 1.93GB;0B / 4.1kB;23 ;21:33:02
bun;108.25%;1.13%;360MiB / 31.18GiB;919MB / 4.31GB;0B / 0B;21 ;21:33:02
deno;0.00%;0.37%;119.2MiB / 31.18GiB;491MB / 2.37GB;0B / 176kB;9 ;21:33:05
node;0.00%;0.29%;93.93MiB / 31.18GiB;360MB / 1.93GB;0B / 4.1kB;23 ;21:33:05
bun;106.00%;1.12%;357.8MiB / 31.18GiB;926MB / 4.39GB;0B / 0B;21 ;21:33:05
deno;0.00%;0.37%;119.2MiB / 31.18GiB;491MB / 2.37GB;0B / 176kB;9 ;21:33:08
node;0.00%;0.29%;93.93MiB / 31.18GiB;360MB / 1.93GB;0B / 4.1kB;23 ;21:33:08
bun;110.38%;1.13%;359.6MiB / 31.18GiB;932MB / 4.46GB;0B / 0B;21 ;21:33:08
deno;0.00%;0.37%;119.2MiB / 31.18GiB;491MB / 2.37GB;0B / 176kB;9 ;21:33:11
node;0.00%;0.29%;93.93MiB / 31.18GiB;360MB / 1.93GB;0B / 4.1kB;23 ;21:33:11
bun;106.62%;1.13%;359.4MiB / 31.18GiB;936MB / 4.5GB;0B / 0B;21 ;21:33:11
deno;0.00%;0.37%;119.2MiB / 31.18GiB;491MB / 2.37GB;0B / 176kB;9 ;21:33:14
node;0.00%;0.29%;93.93MiB / 31.18GiB;360MB / 1.93GB;0B / 4.1kB;23 ;21:33:14
bun;107.68%;1.12%;358.2MiB / 31.18GiB;941MB / 4.56GB;0B / 0B;21 ;21:33:14
deno;0.00%;0.37%;119.2MiB / 31.18GiB;491MB / 2.37GB;0B / 176kB;9 ;21:33:17
node;0.00%;0.29%;93.93MiB / 31.18GiB;360MB / 1.93GB;0B / 4.1kB;23 ;21:33:17
bun;106.89%;1.12%;356.6MiB / 31.18GiB;947MB / 4.63GB;0B / 0B;21 ;21:33:17
deno;0.00%;0.37%;119.2MiB / 31.18GiB;491MB / 2.37GB;0B / 176kB;9 ;21:33:20
node;0.00%;0.29%;93.93MiB / 31.18GiB;360MB / 1.93GB;0B / 4.1kB;23 ;21:33:20
bun;106.68%;1.12%;357.1MiB / 31.18GiB;955MB / 4.71GB;0B / 0B;21 ;21:33:20
deno;0.00%;0.37%;119.2MiB / 31.18GiB;491MB / 2.37GB;0B / 176kB;9 ;21:33:23
node;0.00%;0.29%;93.93MiB / 31.18GiB;360MB / 1.93GB;0B / 4.1kB;23 ;21:33:23
bun;107.50%;1.12%;357.8MiB / 31.18GiB;959MB / 4.76GB;0B / 0B;21 ;21:33:23
deno;0.00%;0.37%;119.2MiB / 31.18GiB;491MB / 2.37GB;0B / 176kB;9 ;21:33:26
node;0.00%;0.29%;93.93MiB / 31.18GiB;360MB / 1.93GB;0B / 4.1kB;23 ;21:33:26
bun;108.19%;1.12%;357.5MiB / 31.18GiB;964MB / 4.82GB;0B / 0B;21 ;21:33:26
deno;0.00%;0.37%;119.2MiB / 31.18GiB;491MB / 2.37GB;0B / 176kB;9 ;21:33:29
node;0.00%;0.29%;93.93MiB / 31.18GiB;360MB / 1.93GB;0B / 4.1kB;23 ;21:33:29
bun;107.53%;1.12%;358.8MiB / 31.18GiB;972MB / 4.91GB;0B / 0B;21 ;21:33:29
deno;0.00%;0.37%;119.2MiB / 31.18GiB;491MB / 2.37GB;0B / 176kB;9 ;21:33:32
node;0.00%;0.29%;93.93MiB / 31.18GiB;360MB / 1.93GB;0B / 4.1kB;23 ;21:33:32
bun;108.30%;1.12%;358.5MiB / 31.18GiB;976MB / 4.95GB;0B / 0B;21 ;21:33:32
deno;0.00%;0.37%;119.2MiB / 31.18GiB;491MB / 2.37GB;0B / 176kB;9 ;21:33:35
node;0.00%;0.29%;93.93MiB / 31.18GiB;360MB / 1.93GB;0B / 4.1kB;23 ;21:33:35
bun;107.89%;1.12%;356.6MiB / 31.18GiB;981MB / 5.01GB;0B / 0B;21 ;21:33:35
deno;0.00%;0.37%;119.2MiB / 31.18GiB;491MB / 2.37GB;0B / 176kB;9 ;21:33:38
node;0.00%;0.29%;93.93MiB / 31.18GiB;360MB / 1.93GB;0B / 4.1kB;23 ;21:33:38
bun;108.15%;1.12%;358.9MiB / 31.18GiB;989MB / 5.09GB;0B / 0B;21 ;21:33:38
deno;0.00%;0.37%;119.2MiB / 31.18GiB;491MB / 2.37GB;0B / 176kB;9 ;21:33:41
node;0.00%;0.29%;93.93MiB / 31.18GiB;360MB / 1.93GB;0B / 4.1kB;23 ;21:33:41
bun;109.23%;1.13%;359.5MiB / 31.18GiB;992MB / 5.13GB;0B / 0B;21 ;21:33:41
deno;0.00%;0.37%;119.2MiB / 31.18GiB;491MB / 2.37GB;0B / 176kB;9 ;21:33:44
node;0.00%;0.29%;93.93MiB / 31.18GiB;360MB / 1.93GB;0B / 4.1kB;23 ;21:33:44
bun;109.81%;1.13%;359.3MiB / 31.18GiB;1e+03MB / 5.22GB;0B / 0B;21 ;21:33:44
deno;0.00%;0.37%;119.2MiB / 31.18GiB;491MB / 2.37GB;0B / 176kB;9 ;21:33:47
node;0.00%;0.29%;93.93MiB / 31.18GiB;360MB / 1.93GB;0B / 4.1kB;23 ;21:33:47
bun;108.73%;1.12%;359.1MiB / 31.18GiB;1GB / 5.26GB;0B / 0B;21 ;21:33:47
deno;0.00%;0.37%;119.2MiB / 31.18GiB;491MB / 2.37GB;0B / 176kB;9 ;21:33:50
node;0.00%;0.29%;93.93MiB / 31.18GiB;360MB / 1.93GB;0B / 4.1kB;23 ;21:33:50
bun;108.81%;1.12%;358.4MiB / 31.18GiB;1.01GB / 5.33GB;0B / 0B;21 ;21:33:50
deno;0.00%;0.37%;119.2MiB / 31.18GiB;491MB / 2.37GB;0B / 176kB;9 ;21:33:53
node;0.00%;0.29%;93.93MiB / 31.18GiB;360MB / 1.93GB;0B / 4.1kB;23 ;21:33:53
bun;107.54%;1.12%;356.6MiB / 31.18GiB;1.02GB / 5.39GB;0B / 0B;21 ;21:33:53
deno;0.00%;0.37%;119.2MiB / 31.18GiB;491MB / 2.37GB;0B / 176kB;9 ;21:33:56
node;0.00%;0.29%;93.93MiB / 31.18GiB;360MB / 1.93GB;0B / 4.1kB;23 ;21:33:56
bun;106.97%;1.12%;358.9MiB / 31.18GiB;1.02GB / 5.48GB;0B / 0B;21 ;21:33:56
deno;0.00%;0.37%;119.2MiB / 31.18GiB;491MB / 2.37GB;0B / 176kB;9 ;21:33:59
node;0.00%;0.29%;93.93MiB / 31.18GiB;360MB / 1.93GB;0B / 4.1kB;23 ;21:33:59
bun;108.34%;1.12%;358.6MiB / 31.18GiB;1.03GB / 5.52GB;0B / 0B;21 ;21:33:59
deno;0.00%;0.37%;119.2MiB / 31.18GiB;491MB / 2.37GB;0B / 176kB;9 ;21:34:02
node;0.00%;0.29%;93.93MiB / 31.18GiB;360MB / 1.93GB;0B / 4.1kB;23 ;21:34:02
bun;108.68%;1.12%;357.2MiB / 31.18GiB;1.03GB / 5.58GB;0B / 0B;21 ;21:34:02
deno;0.00%;0.37%;119.2MiB / 31.18GiB;491MB / 2.37GB;0B / 176kB;9 ;21:34:05
node;0.00%;0.29%;93.93MiB / 31.18GiB;360MB / 1.93GB;0B / 4.1kB;23 ;21:34:05
bun;107.57%;1.13%;359.8MiB / 31.18GiB;1.04GB / 5.65GB;0B / 0B;21 ;21:34:05
deno;0.00%;0.37%;119.2MiB / 31.18GiB;491MB / 2.37GB;0B / 176kB;9 ;21:34:08
node;0.00%;0.29%;93.93MiB / 31.18GiB;360MB / 1.93GB;0B / 4.1kB;23 ;21:34:08
bun;110.22%;1.12%;357MiB / 31.18GiB;1.04GB / 5.71GB;0B / 0B;21 ;21:34:08
deno;0.00%;0.37%;119.2MiB / 31.18GiB;491MB / 2.37GB;0B / 176kB;9 ;21:34:11
node;0.00%;0.29%;93.93MiB / 31.18GiB;360MB / 1.93GB;0B / 4.1kB;23 ;21:34:11
bun;108.57%;1.12%;357.4MiB / 31.18GiB;1.05GB / 5.78GB;0B / 0B;21 ;21:34:11
deno;0.00%;0.37%;119.2MiB / 31.18GiB;491MB / 2.37GB;0B / 176kB;9 ;21:34:14
node;0.00%;0.29%;93.93MiB / 31.18GiB;360MB / 1.93GB;0B / 4.1kB;23 ;21:34:14
bun;108.38%;1.12%;356.9MiB / 31.18GiB;1.06GB / 5.86GB;0B / 0B;21 ;21:34:14
deno;0.00%;0.37%;119.2MiB / 31.18GiB;491MB / 2.37GB;0B / 176kB;9 ;21:34:17
node;0.00%;0.29%;93.93MiB / 31.18GiB;360MB / 1.93GB;0B / 4.1kB;23 ;21:34:17
bun;107.14%;1.12%;358.6MiB / 31.18GiB;1.06GB / 5.93GB;0B / 0B;21 ;21:34:17
deno;0.00%;0.37%;119.2MiB / 31.18GiB;491MB / 2.37GB;0B / 176kB;9 ;21:34:20
node;0.00%;0.29%;93.93MiB / 31.18GiB;360MB / 1.93GB;0B / 4.1kB;23 ;21:34:20
bun;107.84%;1.12%;359MiB / 31.18GiB;1.07GB / 5.99GB;0B / 0B;21 ;21:34:20
deno;0.00%;0.37%;119.2MiB / 31.18GiB;491MB / 2.37GB;0B / 176kB;9 ;21:34:23
node;0.00%;0.29%;93.93MiB / 31.18GiB;360MB / 1.93GB;0B / 4.1kB;23 ;21:34:23
bun;109.36%;1.12%;356.1MiB / 31.18GiB;1.07GB / 6.06GB;0B / 0B;21 ;21:34:23
deno;0.00%;0.37%;119.2MiB / 31.18GiB;491MB / 2.37GB;0B / 176kB;9 ;21:34:26
node;0.00%;0.29%;93.93MiB / 31.18GiB;360MB / 1.93GB;0B / 4.1kB;23 ;21:34:26
bun;108.30%;1.12%;359.2MiB / 31.18GiB;1.08GB / 6.12GB;0B / 0B;21 ;21:34:26
deno;0.00%;0.37%;119.2MiB / 31.18GiB;491MB / 2.37GB;0B / 176kB;9 ;21:34:29
node;0.00%;0.29%;93.93MiB / 31.18GiB;360MB / 1.93GB;0B / 4.1kB;23 ;21:34:29
bun;107.48%;1.12%;358.9MiB / 31.18GiB;1.08GB / 6.17GB;0B / 0B;21 ;21:34:29
deno;0.00%;0.37%;119.2MiB / 31.18GiB;491MB / 2.37GB;0B / 176kB;9 ;21:34:32
node;0.00%;0.29%;93.93MiB / 31.18GiB;360MB / 1.93GB;0B / 4.1kB;23 ;21:34:32
bun;107.79%;1.12%;357.8MiB / 31.18GiB;1.09GB / 6.23GB;0B / 0B;21 ;21:34:32
deno;0.00%;0.37%;119.2MiB / 31.18GiB;491MB / 2.37GB;0B / 176kB;9 ;21:34:35
node;0.00%;0.29%;93.93MiB / 31.18GiB;360MB / 1.93GB;0B / 4.1kB;23 ;21:34:35
bun;108.11%;1.13%;359.6MiB / 31.18GiB;1.1GB / 6.32GB;0B / 0B;21 ;21:34:35
deno;0.00%;0.37%;119.2MiB / 31.18GiB;491MB / 2.37GB;0B / 176kB;9 ;21:34:38
node;0.00%;0.29%;93.93MiB / 31.18GiB;360MB / 1.93GB;0B / 4.1kB;23 ;21:34:38
bun;106.50%;1.13%;359.4MiB / 31.18GiB;1.1GB / 6.36GB;0B / 0B;21 ;21:34:38
deno;0.00%;0.37%;119.2MiB / 31.18GiB;491MB / 2.37GB;0B / 176kB;9 ;21:34:41
node;0.00%;0.29%;93.93MiB / 31.18GiB;360MB / 1.93GB;0B / 4.1kB;23 ;21:34:41
bun;108.92%;1.12%;358.6MiB / 31.18GiB;1.11GB / 6.45GB;0B / 0B;21 ;21:34:41
deno;0.00%;0.37%;119.2MiB / 31.18GiB;491MB / 2.37GB;0B / 176kB;9 ;21:34:44
node;0.00%;0.29%;93.93MiB / 31.18GiB;360MB / 1.93GB;0B / 4.1kB;23 ;21:34:44
bun;110.54%;1.12%;358.3MiB / 31.18GiB;1.12GB / 6.52GB;0B / 0B;21 ;21:34:44
deno;0.00%;0.37%;119.2MiB / 31.18GiB;491MB / 2.37GB;0B / 176kB;9 ;21:34:47
node;0.00%;0.29%;93.93MiB / 31.18GiB;360MB / 1.93GB;0B / 4.1kB;23 ;21:34:47
bun;108.77%;1.12%;356.4MiB / 31.18GiB;1.12GB / 6.58GB;0B / 0B;21 ;21:34:47
deno;0.00%;0.37%;119.2MiB / 31.18GiB;491MB / 2.37GB;0B / 176kB;9 ;21:34:50
node;0.00%;0.29%;93.93MiB / 31.18GiB;360MB / 1.93GB;0B / 4.1kB;23 ;21:34:50
bun;120.28%;1.12%;358.3MiB / 31.18GiB;1.13GB / 6.62GB;0B / 0B;21 ;21:34:50
deno;0.00%;0.37%;119.2MiB / 31.18GiB;491MB / 2.37GB;0B / 176kB;9 ;21:34:53
node;0.00%;0.29%;93.93MiB / 31.18GiB;360MB / 1.93GB;0B / 4.1kB;23 ;21:34:53
bun;144.79%;1.15%;365.7MiB / 31.18GiB;1.13GB / 6.63GB;0B / 0B;21 ;21:34:53
deno;0.00%;0.37%;119.2MiB / 31.18GiB;491MB / 2.37GB;0B / 176kB;9 ;21:34:56
node;0.00%;0.29%;93.93MiB / 31.18GiB;360MB / 1.93GB;0B / 4.1kB;23 ;21:34:56
bun;150.44%;1.16%;369.9MiB / 31.18GiB;1.13GB / 6.64GB;0B / 0B;21 ;21:34:56
deno;0.00%;0.37%;119.2MiB / 31.18GiB;491MB / 2.37GB;0B / 176kB;9 ;21:34:59
node;0.00%;0.29%;93.93MiB / 31.18GiB;360MB / 1.93GB;0B / 4.1kB;23 ;21:34:59
bun;144.91%;1.17%;373.8MiB / 31.18GiB;1.14GB / 6.64GB;0B / 0B;21 ;21:34:59
deno;0.00%;0.37%;119.2MiB / 31.18GiB;491MB / 2.37GB;0B / 176kB;9 ;21:35:03
node;0.00%;0.29%;93.93MiB / 31.18GiB;360MB / 1.93GB;0B / 4.1kB;23 ;21:35:03
bun;145.09%;1.20%;382.6MiB / 31.18GiB;1.14GB / 6.65GB;0B / 0B;21 ;21:35:03
deno;0.00%;0.37%;119.2MiB / 31.18GiB;491MB / 2.37GB;0B / 176kB;9 ;21:35:06
node;0.00%;0.29%;93.93MiB / 31.18GiB;360MB / 1.93GB;0B / 4.1kB;23 ;21:35:06
bun;145.78%;1.21%;386.1MiB / 31.18GiB;1.14GB / 6.66GB;0B / 0B;21 ;21:35:06
deno;0.00%;0.37%;119.2MiB / 31.18GiB;491MB / 2.37GB;0B / 176kB;9 ;21:35:09
node;0.00%;0.29%;93.93MiB / 31.18GiB;360MB / 1.93GB;0B / 4.1kB;23 ;21:35:09
bun;149.63%;1.23%;391.5MiB / 31.18GiB;1.15GB / 6.66GB;0B / 0B;21 ;21:35:09
deno;0.00%;0.37%;119.2MiB / 31.18GiB;491MB / 2.37GB;0B / 176kB;9 ;21:35:12
node;0.00%;0.29%;93.93MiB / 31.18GiB;360MB / 1.93GB;0B / 4.1kB;23 ;21:35:12
bun;134.47%;1.25%;398.2MiB / 31.18GiB;1.15GB / 6.67GB;0B / 0B;21 ;21:35:12
deno;0.00%;0.37%;119.2MiB / 31.18GiB;491MB / 2.37GB;0B / 176kB;9 ;21:35:15
node;0.00%;0.29%;93.93MiB / 31.18GiB;360MB / 1.93GB;0B / 4.1kB;23 ;21:35:15
bun;148.59%;1.26%;403.3MiB / 31.18GiB;1.15GB / 6.68GB;0B / 0B;21 ;21:35:15
deno;0.00%;0.37%;119.2MiB / 31.18GiB;491MB / 2.37GB;0B / 176kB;9 ;21:35:18
node;0.00%;0.29%;93.93MiB / 31.18GiB;360MB / 1.93GB;0B / 4.1kB;23 ;21:35:18
bun;145.57%;1.27%;406.1MiB / 31.18GiB;1.15GB / 6.68GB;0B / 0B;21 ;21:35:18
deno;0.00%;0.37%;119.2MiB / 31.18GiB;491MB / 2.37GB;0B / 176kB;9 ;21:35:21
node;0.00%;0.29%;93.93MiB / 31.18GiB;360MB / 1.93GB;0B / 4.1kB;23 ;21:35:21
bun;144.65%;1.29%;411.7MiB / 31.18GiB;1.16GB / 6.69GB;0B / 0B;21 ;21:35:21
deno;0.00%;0.37%;119.2MiB / 31.18GiB;491MB / 2.37GB;0B / 176kB;9 ;21:35:24
node;0.00%;0.29%;93.93MiB / 31.18GiB;360MB / 1.93GB;0B / 4.1kB;23 ;21:35:24
bun;145.18%;1.31%;417.7MiB / 31.18GiB;1.16GB / 6.7GB;0B / 0B;21 ;21:35:24
deno;0.00%;0.37%;119.2MiB / 31.18GiB;491MB / 2.37GB;0B / 176kB;9 ;21:35:27
node;0.00%;0.29%;93.93MiB / 31.18GiB;360MB / 1.93GB;0B / 4.1kB;23 ;21:35:27
bun;140.52%;1.32%;421.6MiB / 31.18GiB;1.16GB / 6.7GB;0B / 0B;21 ;21:35:27
deno;0.00%;0.37%;119.2MiB / 31.18GiB;491MB / 2.37GB;0B / 176kB;9 ;21:35:30
node;0.00%;0.29%;93.93MiB / 31.18GiB;360MB / 1.93GB;0B / 4.1kB;23 ;21:35:30
bun;149.17%;1.34%;426.6MiB / 31.18GiB;1.17GB / 6.71GB;0B / 0B;21 ;21:35:30
deno;0.00%;0.37%;119.2MiB / 31.18GiB;491MB / 2.37GB;0B / 176kB;9 ;21:35:33
node;0.00%;0.29%;93.93MiB / 31.18GiB;360MB / 1.93GB;0B / 4.1kB;23 ;21:35:33
bun;142.25%;1.35%;431.6MiB / 31.18GiB;1.17GB / 6.72GB;0B / 0B;21 ;21:35:33
deno;0.00%;0.37%;119.2MiB / 31.18GiB;491MB / 2.37GB;0B / 176kB;9 ;21:35:36
node;0.00%;0.29%;93.93MiB / 31.18GiB;360MB / 1.93GB;0B / 4.1kB;23 ;21:35:36
bun;144.98%;1.37%;436.9MiB / 31.18GiB;1.17GB / 6.72GB;0B / 0B;21 ;21:35:36
deno;0.00%;0.37%;119.2MiB / 31.18GiB;491MB / 2.37GB;0B / 176kB;9 ;21:35:39
node;0.00%;0.29%;93.93MiB / 31.18GiB;360MB / 1.93GB;0B / 4.1kB;23 ;21:35:39
bun;145.21%;1.38%;442.1MiB / 31.18GiB;1.18GB / 6.73GB;0B / 0B;21 ;21:35:39
deno;0.00%;0.37%;119.2MiB / 31.18GiB;491MB / 2.37GB;0B / 176kB;9 ;21:35:42
node;0.00%;0.29%;93.93MiB / 31.18GiB;360MB / 1.93GB;0B / 4.1kB;23 ;21:35:42
bun;145.68%;1.40%;447.2MiB / 31.18GiB;1.18GB / 6.74GB;0B / 0B;21 ;21:35:42
deno;0.00%;0.37%;119.2MiB / 31.18GiB;491MB / 2.37GB;0B / 176kB;9 ;21:35:45
node;0.01%;0.29%;93.93MiB / 31.18GiB;360MB / 1.93GB;0B / 4.1kB;23 ;21:35:45
bun;144.33%;1.42%;454MiB / 31.18GiB;1.19GB / 6.75GB;0B / 0B;21 ;21:35:45
deno;0.00%;0.37%;119.2MiB / 31.18GiB;491MB / 2.37GB;0B / 176kB;9 ;21:35:48
node;0.00%;0.29%;93.93MiB / 31.18GiB;360MB / 1.93GB;0B / 4.1kB;23 ;21:35:48
bun;148.04%;1.43%;457.3MiB / 31.18GiB;1.19GB / 6.75GB;0B / 0B;21 ;21:35:48
deno;0.00%;0.37%;119.2MiB / 31.18GiB;491MB / 2.37GB;0B / 176kB;9 ;21:35:51
node;0.00%;0.29%;93.93MiB / 31.18GiB;360MB / 1.93GB;0B / 4.1kB;23 ;21:35:51
bun;144.88%;1.45%;464.3MiB / 31.18GiB;1.19GB / 6.76GB;0B / 0B;21 ;21:35:51
deno;0.00%;0.37%;119.2MiB / 31.18GiB;491MB / 2.37GB;0B / 176kB;9 ;21:35:53
node;0.00%;0.29%;93.93MiB / 31.18GiB;360MB / 1.93GB;0B / 4.1kB;23 ;21:35:53
bun;148.48%;1.46%;467.3MiB / 31.18GiB;1.19GB / 6.77GB;0B / 0B;21 ;21:35:53
deno;0.00%;0.37%;119.2MiB / 31.18GiB;491MB / 2.37GB;0B / 176kB;9 ;21:35:56
node;0.00%;0.29%;93.93MiB / 31.18GiB;360MB / 1.93GB;0B / 4.1kB;23 ;21:35:56
bun;138.05%;1.48%;472.6MiB / 31.18GiB;1.2GB / 6.77GB;0B / 0B;21 ;21:35:56
deno;0.00%;0.37%;119.2MiB / 31.18GiB;491MB / 2.37GB;0B / 176kB;9 ;21:35:59
node;0.00%;0.29%;93.93MiB / 31.18GiB;360MB / 1.93GB;0B / 4.1kB;23 ;21:35:59
bun;156.11%;1.49%;476.4MiB / 31.18GiB;1.2GB / 6.78GB;0B / 0B;21 ;21:35:59
deno;0.00%;0.37%;119.2MiB / 31.18GiB;491MB / 2.37GB;0B / 176kB;9 ;21:36:02
node;0.00%;0.29%;93.93MiB / 31.18GiB;360MB / 1.93GB;0B / 4.1kB;23 ;21:36:02
bun;148.19%;1.51%;481.1MiB / 31.18GiB;1.2GB / 6.78GB;0B / 0B;21 ;21:36:02
deno;0.00%;0.37%;119.2MiB / 31.18GiB;491MB / 2.37GB;0B / 176kB;9 ;21:36:05
node;0.00%;0.29%;93.93MiB / 31.18GiB;360MB / 1.93GB;0B / 4.1kB;23 ;21:36:05
bun;142.28%;1.52%;486.3MiB / 31.18GiB;1.21GB / 6.79GB;0B / 0B;21 ;21:36:05
deno;0.00%;0.37%;119.2MiB / 31.18GiB;491MB / 2.37GB;0B / 176kB;9 ;21:36:08
node;0.00%;0.29%;93.93MiB / 31.18GiB;360MB / 1.93GB;0B / 4.1kB;23 ;21:36:08
bun;149.45%;1.54%;491.4MiB / 31.18GiB;1.21GB / 6.8GB;0B / 0B;21 ;21:36:08
deno;0.00%;0.37%;119.2MiB / 31.18GiB;491MB / 2.37GB;0B / 176kB;9 ;21:36:11
node;0.00%;0.29%;93.93MiB / 31.18GiB;360MB / 1.93GB;0B / 4.1kB;23 ;21:36:11
bun;142.67%;1.56%;496.6MiB / 31.18GiB;1.21GB / 6.81GB;0B / 0B;21 ;21:36:11
deno;0.00%;0.37%;119.2MiB / 31.18GiB;491MB / 2.37GB;0B / 176kB;9 ;21:36:14
node;0.00%;0.29%;93.93MiB / 31.18GiB;360MB / 1.93GB;0B / 4.1kB;23 ;21:36:14
bun;149.04%;1.57%;501.9MiB / 31.18GiB;1.22GB / 6.81GB;0B / 0B;21 ;21:36:14
deno;0.00%;0.37%;119.2MiB / 31.18GiB;491MB / 2.37GB;0B / 176kB;9 ;21:36:17
node;0.00%;0.29%;93.93MiB / 31.18GiB;360MB / 1.93GB;0B / 4.1kB;23 ;21:36:17
bun;148.97%;1.59%;508.3MiB / 31.18GiB;1.22GB / 6.82GB;0B / 0B;21 ;21:36:17
deno;0.00%;0.37%;119.2MiB / 31.18GiB;491MB / 2.37GB;0B / 176kB;9 ;21:36:20
node;0.00%;0.29%;93.93MiB / 31.18GiB;360MB / 1.93GB;0B / 4.1kB;23 ;21:36:20
bun;144.68%;1.60%;511.8MiB / 31.18GiB;1.22GB / 6.83GB;0B / 0B;21 ;21:36:20
deno;0.00%;0.37%;119.2MiB / 31.18GiB;491MB / 2.37GB;0B / 176kB;9 ;21:36:23
node;0.00%;0.29%;93.93MiB / 31.18GiB;360MB / 1.93GB;0B / 4.1kB;23 ;21:36:23
bun;153.24%;1.62%;517MiB / 31.18GiB;1.23GB / 6.83GB;0B / 0B;21 ;21:36:23
deno;0.00%;0.37%;119.2MiB / 31.18GiB;491MB / 2.37GB;0B / 176kB;9 ;21:36:26
node;0.00%;0.29%;93.93MiB / 31.18GiB;360MB / 1.93GB;0B / 4.1kB;23 ;21:36:26
bun;148.14%;1.64%;522.1MiB / 31.18GiB;1.23GB / 6.84GB;0B / 0B;21 ;21:36:26
deno;0.00%;0.37%;119.2MiB / 31.18GiB;491MB / 2.37GB;0B / 176kB;9 ;21:36:29
node;0.00%;0.29%;93.93MiB / 31.18GiB;360MB / 1.93GB;0B / 4.1kB;23 ;21:36:29
bun;139.27%;1.65%;527.3MiB / 31.18GiB;1.23GB / 6.85GB;0B / 0B;21 ;21:36:29
deno;0.00%;0.37%;119.2MiB / 31.18GiB;491MB / 2.37GB;0B / 176kB;9 ;21:36:32
node;0.00%;0.29%;93.93MiB / 31.18GiB;360MB / 1.93GB;0B / 4.1kB;23 ;21:36:32
bun;143.32%;1.67%;534MiB / 31.18GiB;1.24GB / 6.86GB;0B / 0B;21 ;21:36:32
deno;0.00%;0.37%;119.2MiB / 31.18GiB;491MB / 2.37GB;0B / 176kB;9 ;21:36:36
node;0.00%;0.29%;93.93MiB / 31.18GiB;360MB / 1.93GB;0B / 4.1kB;23 ;21:36:36
bun;145.00%;1.68%;537.5MiB / 31.18GiB;1.24GB / 6.86GB;0B / 0B;21 ;21:36:36
deno;0.00%;0.37%;119.2MiB / 31.18GiB;491MB / 2.37GB;0B / 176kB;9 ;21:36:39
node;0.00%;0.29%;93.93MiB / 31.18GiB;360MB / 1.93GB;0B / 4.1kB;23 ;21:36:39
bun;150.70%;1.70%;542.6MiB / 31.18GiB;1.24GB / 6.87GB;0B / 0B;21 ;21:36:39
deno;0.00%;0.37%;119.2MiB / 31.18GiB;491MB / 2.37GB;0B / 176kB;9 ;21:36:42
node;0.00%;0.29%;93.93MiB / 31.18GiB;360MB / 1.93GB;0B / 4.1kB;23 ;21:36:42
bun;146.68%;1.72%;549.3MiB / 31.18GiB;1.25GB / 6.88GB;0B / 0B;21 ;21:36:42
deno;0.00%;0.37%;119.2MiB / 31.18GiB;491MB / 2.37GB;0B / 176kB;9 ;21:36:45
node;0.00%;0.29%;93.93MiB / 31.18GiB;360MB / 1.93GB;0B / 4.1kB;23 ;21:36:45
bun;146.74%;1.74%;554.5MiB / 31.18GiB;1.25GB / 6.88GB;0B / 0B;21 ;21:36:45
deno;0.00%;0.37%;119.2MiB / 31.18GiB;491MB / 2.37GB;0B / 176kB;9 ;21:36:48
node;0.00%;0.29%;93.93MiB / 31.18GiB;360MB / 1.93GB;0B / 4.1kB;23 ;21:36:48
bun;148.13%;1.75%;557.5MiB / 31.18GiB;1.25GB / 6.89GB;0B / 0B;21 ;21:36:48
deno;112.05%;0.38%;121.9MiB / 31.18GiB;493MB / 2.37GB;0B / 176kB;9 ;21:36:51
node;0.00%;0.29%;93.93MiB / 31.18GiB;360MB / 1.93GB;0B / 4.1kB;23 ;21:36:51
bun;45.71%;1.76%;561.6MiB / 31.18GiB;1.25GB / 6.89GB;0B / 0B;21 ;21:36:51
deno;110.52%;0.38%;121.8MiB / 31.18GiB;496MB / 2.38GB;0B / 176kB;9 ;21:36:54
node;0.00%;0.29%;93.93MiB / 31.18GiB;360MB / 1.93GB;0B / 4.1kB;23 ;21:36:54
bun;0.00%;1.76%;561.6MiB / 31.18GiB;1.25GB / 6.89GB;0B / 0B;21 ;21:36:54
deno;109.50%;0.38%;121.8MiB / 31.18GiB;500MB / 2.39GB;0B / 176kB;9 ;21:36:57
node;0.00%;0.29%;93.93MiB / 31.18GiB;360MB / 1.93GB;0B / 4.1kB;23 ;21:36:57
bun;0.00%;1.76%;561.6MiB / 31.18GiB;1.25GB / 6.89GB;0B / 0B;21 ;21:36:57
deno;112.59%;0.38%;122.2MiB / 31.18GiB;506MB / 2.4GB;0B / 176kB;9 ;21:37:00
node;0.00%;0.29%;93.93MiB / 31.18GiB;360MB / 1.93GB;0B / 4.1kB;23 ;21:37:00
bun;0.00%;1.76%;561.6MiB / 31.18GiB;1.25GB / 6.89GB;0B / 0B;21 ;21:37:00
deno;110.62%;0.38%;122.1MiB / 31.18GiB;508MB / 2.41GB;0B / 176kB;9 ;21:37:03
node;0.00%;0.29%;93.93MiB / 31.18GiB;360MB / 1.93GB;0B / 4.1kB;23 ;21:37:03
bun;0.00%;1.76%;561.1MiB / 31.18GiB;1.25GB / 6.89GB;0B / 0B;14 ;21:37:03
deno;109.02%;0.38%;122.1MiB / 31.18GiB;514MB / 2.42GB;0B / 176kB;9 ;21:37:06
node;0.00%;0.29%;93.93MiB / 31.18GiB;360MB / 1.93GB;0B / 4.1kB;23 ;21:37:06
bun;0.00%;1.76%;561.1MiB / 31.18GiB;1.25GB / 6.89GB;0B / 0B;14 ;21:37:06
deno;108.83%;0.38%;122.1MiB / 31.18GiB;518MB / 2.43GB;0B / 176kB;9 ;21:37:09
node;0.00%;0.29%;93.93MiB / 31.18GiB;360MB / 1.93GB;0B / 4.1kB;23 ;21:37:09
bun;0.01%;1.76%;561.1MiB / 31.18GiB;1.25GB / 6.89GB;0B / 0B;14 ;21:37:09
deno;113.73%;0.38%;122.1MiB / 31.18GiB;522MB / 2.44GB;0B / 176kB;9 ;21:37:12
node;0.00%;0.29%;93.93MiB / 31.18GiB;360MB / 1.93GB;0B / 4.1kB;23 ;21:37:12
bun;0.00%;1.76%;561.1MiB / 31.18GiB;1.25GB / 6.89GB;0B / 0B;13 ;21:37:12
deno;111.98%;0.38%;122.1MiB / 31.18GiB;525MB / 2.45GB;0B / 176kB;9 ;21:37:15
node;0.00%;0.29%;93.93MiB / 31.18GiB;360MB / 1.93GB;0B / 4.1kB;23 ;21:37:15
bun;0.00%;1.76%;561.1MiB / 31.18GiB;1.25GB / 6.89GB;0B / 0B;13 ;21:37:15
deno;110.40%;0.38%;122.1MiB / 31.18GiB;531MB / 2.46GB;0B / 176kB;9 ;21:37:18
node;0.00%;0.29%;93.93MiB / 31.18GiB;360MB / 1.93GB;0B / 4.1kB;23 ;21:37:18
bun;0.00%;1.76%;561.1MiB / 31.18GiB;1.25GB / 6.89GB;0B / 0B;13 ;21:37:18
deno;111.06%;0.38%;122.1MiB / 31.18GiB;535MB / 2.47GB;0B / 176kB;9 ;21:37:21
node;0.00%;0.29%;93.93MiB / 31.18GiB;360MB / 1.93GB;0B / 4.1kB;23 ;21:37:21
bun;0.01%;1.76%;561.1MiB / 31.18GiB;1.25GB / 6.89GB;0B / 0B;13 ;21:37:21
deno;108.13%;0.38%;122.1MiB / 31.18GiB;539MB / 2.48GB;0B / 176kB;9 ;21:37:24
node;0.00%;0.29%;93.93MiB / 31.18GiB;360MB / 1.93GB;0B / 4.1kB;23 ;21:37:24
bun;0.00%;1.76%;561.1MiB / 31.18GiB;1.25GB / 6.89GB;0B / 0B;13 ;21:37:24
deno;110.17%;0.38%;122.1MiB / 31.18GiB;544MB / 2.49GB;0B / 176kB;9 ;21:37:27
node;0.00%;0.29%;93.93MiB / 31.18GiB;360MB / 1.93GB;0B / 4.1kB;23 ;21:37:27
bun;0.00%;1.76%;561.1MiB / 31.18GiB;1.25GB / 6.89GB;0B / 0B;13 ;21:37:27
deno;108.05%;0.38%;122.1MiB / 31.18GiB;548MB / 2.5GB;0B / 176kB;9 ;21:37:30
node;0.00%;0.29%;93.93MiB / 31.18GiB;360MB / 1.93GB;0B / 4.1kB;23 ;21:37:30
bun;0.00%;1.76%;561.1MiB / 31.18GiB;1.25GB / 6.89GB;0B / 0B;13 ;21:37:30
deno;109.35%;0.38%;122.1MiB / 31.18GiB;552MB / 2.51GB;0B / 176kB;9 ;21:37:33
node;0.00%;0.29%;93.93MiB / 31.18GiB;360MB / 1.93GB;0B / 4.1kB;23 ;21:37:33
bun;0.00%;1.76%;561.1MiB / 31.18GiB;1.25GB / 6.89GB;0B / 0B;13 ;21:37:33
deno;109.39%;0.38%;122.2MiB / 31.18GiB;557MB / 2.52GB;0B / 176kB;9 ;21:37:36
node;0.00%;0.29%;93.93MiB / 31.18GiB;360MB / 1.93GB;0B / 4.1kB;23 ;21:37:36
bun;0.00%;1.76%;561.1MiB / 31.18GiB;1.25GB / 6.89GB;0B / 0B;13 ;21:37:36
deno;112.03%;0.38%;122.1MiB / 31.18GiB;561MB / 2.53GB;0B / 176kB;9 ;21:37:39
node;0.00%;0.29%;93.93MiB / 31.18GiB;360MB / 1.93GB;0B / 4.1kB;23 ;21:37:39
bun;0.00%;1.76%;561.1MiB / 31.18GiB;1.25GB / 6.89GB;0B / 0B;13 ;21:37:39
deno;110.56%;0.38%;122.1MiB / 31.18GiB;565MB / 2.54GB;0B / 176kB;9 ;21:37:42
node;0.00%;0.29%;93.93MiB / 31.18GiB;360MB / 1.93GB;0B / 4.1kB;23 ;21:37:42
bun;0.00%;1.76%;561.1MiB / 31.18GiB;1.25GB / 6.89GB;0B / 0B;13 ;21:37:42
deno;112.15%;0.38%;122.1MiB / 31.18GiB;570MB / 2.55GB;0B / 176kB;9 ;21:37:45
node;0.00%;0.29%;93.93MiB / 31.18GiB;360MB / 1.93GB;0B / 4.1kB;23 ;21:37:45
bun;0.00%;1.76%;561.1MiB / 31.18GiB;1.25GB / 6.89GB;0B / 0B;13 ;21:37:45
deno;111.42%;0.38%;122.1MiB / 31.18GiB;574MB / 2.56GB;0B / 176kB;9 ;21:37:48
node;0.00%;0.29%;93.93MiB / 31.18GiB;360MB / 1.93GB;0B / 4.1kB;23 ;21:37:48
bun;0.00%;1.76%;561.1MiB / 31.18GiB;1.25GB / 6.89GB;0B / 0B;13 ;21:37:48
deno;108.33%;0.38%;122.1MiB / 31.18GiB;578MB / 2.57GB;0B / 176kB;9 ;21:37:51
node;0.00%;0.29%;93.93MiB / 31.18GiB;360MB / 1.93GB;0B / 4.1kB;23 ;21:37:51
bun;0.01%;1.76%;561.1MiB / 31.18GiB;1.25GB / 6.89GB;0B / 0B;13 ;21:37:51
deno;112.53%;0.38%;122.1MiB / 31.18GiB;582MB / 2.58GB;0B / 176kB;9 ;21:37:54
node;0.00%;0.29%;93.93MiB / 31.18GiB;360MB / 1.93GB;0B / 4.1kB;23 ;21:37:54
bun;0.00%;1.76%;561.1MiB / 31.18GiB;1.25GB / 6.89GB;0B / 0B;13 ;21:37:54
deno;109.34%;0.38%;122.1MiB / 31.18GiB;586MB / 2.59GB;0B / 176kB;9 ;21:37:57
node;0.00%;0.29%;93.93MiB / 31.18GiB;360MB / 1.93GB;0B / 4.1kB;23 ;21:37:57
bun;0.00%;1.76%;561.1MiB / 31.18GiB;1.25GB / 6.89GB;0B / 0B;13 ;21:37:57
deno;109.06%;0.38%;122.1MiB / 31.18GiB;591MB / 2.6GB;0B / 176kB;9 ;21:38:00
node;0.00%;0.29%;93.93MiB / 31.18GiB;360MB / 1.93GB;0B / 4.1kB;23 ;21:38:00
bun;0.00%;1.76%;561.1MiB / 31.18GiB;1.25GB / 6.89GB;0B / 0B;13 ;21:38:00
deno;110.94%;0.38%;122.1MiB / 31.18GiB;595MB / 2.61GB;0B / 176kB;9 ;21:38:03
node;0.00%;0.29%;93.93MiB / 31.18GiB;360MB / 1.93GB;0B / 4.1kB;23 ;21:38:03
bun;0.00%;1.76%;561.1MiB / 31.18GiB;1.25GB / 6.89GB;0B / 0B;13 ;21:38:03
deno;109.31%;0.38%;122.1MiB / 31.18GiB;598MB / 2.62GB;0B / 176kB;9 ;21:38:06
node;0.00%;0.29%;93.93MiB / 31.18GiB;360MB / 1.93GB;0B / 4.1kB;23 ;21:38:06
bun;0.00%;1.76%;561.1MiB / 31.18GiB;1.25GB / 6.89GB;0B / 0B;13 ;21:38:06
deno;110.95%;0.38%;122.1MiB / 31.18GiB;604MB / 2.63GB;0B / 176kB;9 ;21:38:09
node;0.00%;0.29%;93.93MiB / 31.18GiB;360MB / 1.93GB;0B / 4.1kB;23 ;21:38:09
bun;0.00%;1.76%;561.1MiB / 31.18GiB;1.25GB / 6.89GB;0B / 0B;13 ;21:38:09
deno;108.25%;0.38%;122.1MiB / 31.18GiB;608MB / 2.64GB;0B / 176kB;9 ;21:38:12
node;0.00%;0.29%;93.93MiB / 31.18GiB;360MB / 1.93GB;0B / 4.1kB;23 ;21:38:12
bun;0.00%;1.76%;561.1MiB / 31.18GiB;1.25GB / 6.89GB;0B / 0B;13 ;21:38:12
deno;109.15%;0.38%;122.1MiB / 31.18GiB;612MB / 2.65GB;0B / 176kB;9 ;21:38:15
node;0.00%;0.29%;93.93MiB / 31.18GiB;360MB / 1.93GB;0B / 4.1kB;23 ;21:38:15
bun;0.00%;1.76%;561.1MiB / 31.18GiB;1.25GB / 6.89GB;0B / 0B;13 ;21:38:15
deno;108.76%;0.38%;122.1MiB / 31.18GiB;615MB / 2.66GB;0B / 176kB;9 ;21:38:18
node;0.00%;0.29%;93.93MiB / 31.18GiB;360MB / 1.93GB;0B / 4.1kB;23 ;21:38:18
bun;0.00%;1.76%;561.1MiB / 31.18GiB;1.25GB / 6.89GB;0B / 0B;13 ;21:38:18
deno;111.14%;0.38%;122.1MiB / 31.18GiB;620MB / 2.67GB;0B / 176kB;9 ;21:38:21
node;0.00%;0.29%;93.93MiB / 31.18GiB;360MB / 1.93GB;0B / 4.1kB;23 ;21:38:21
bun;0.01%;1.76%;561.1MiB / 31.18GiB;1.25GB / 6.89GB;0B / 0B;13 ;21:38:21
deno;110.20%;0.38%;122.1MiB / 31.18GiB;623MB / 2.68GB;0B / 176kB;9 ;21:38:24
node;0.00%;0.29%;93.93MiB / 31.18GiB;360MB / 1.93GB;0B / 4.1kB;23 ;21:38:24
bun;0.00%;1.76%;561.1MiB / 31.18GiB;1.25GB / 6.89GB;0B / 0B;13 ;21:38:24
deno;110.34%;0.38%;122.1MiB / 31.18GiB;628MB / 2.69GB;0B / 176kB;9 ;21:38:28
node;0.00%;0.29%;93.93MiB / 31.18GiB;360MB / 1.93GB;0B / 4.1kB;23 ;21:38:28
bun;0.00%;1.76%;561.1MiB / 31.18GiB;1.25GB / 6.89GB;0B / 0B;13 ;21:38:28
deno;109.25%;0.38%;122.1MiB / 31.18GiB;632MB / 2.7GB;0B / 176kB;9 ;21:38:31
node;0.00%;0.29%;93.93MiB / 31.18GiB;360MB / 1.93GB;0B / 4.1kB;23 ;21:38:31
bun;0.00%;1.76%;561.1MiB / 31.18GiB;1.25GB / 6.89GB;0B / 0B;13 ;21:38:31
deno;110.98%;0.38%;122.1MiB / 31.18GiB;637MB / 2.71GB;0B / 176kB;9 ;21:38:34
node;0.00%;0.29%;93.93MiB / 31.18GiB;360MB / 1.93GB;0B / 4.1kB;23 ;21:38:34
bun;0.00%;1.76%;561.1MiB / 31.18GiB;1.25GB / 6.89GB;0B / 0B;13 ;21:38:34
deno;110.24%;0.38%;122.1MiB / 31.18GiB;642MB / 2.72GB;0B / 176kB;9 ;21:38:37
node;0.00%;0.29%;93.93MiB / 31.18GiB;360MB / 1.93GB;0B / 4.1kB;23 ;21:38:37
bun;0.00%;1.76%;561.1MiB / 31.18GiB;1.25GB / 6.89GB;0B / 0B;13 ;21:38:37
deno;109.71%;0.38%;122.1MiB / 31.18GiB;645MB / 2.73GB;0B / 176kB;9 ;21:38:40
node;0.00%;0.29%;93.93MiB / 31.18GiB;360MB / 1.93GB;0B / 4.1kB;23 ;21:38:40
bun;0.00%;1.76%;561.1MiB / 31.18GiB;1.25GB / 6.89GB;0B / 0B;13 ;21:38:40
deno;109.59%;0.38%;122.1MiB / 31.18GiB;650MB / 2.74GB;0B / 176kB;9 ;21:38:43
node;0.00%;0.29%;93.93MiB / 31.18GiB;360MB / 1.93GB;0B / 4.1kB;23 ;21:38:43
bun;0.00%;1.76%;561.1MiB / 31.18GiB;1.25GB / 6.89GB;0B / 0B;13 ;21:38:43
deno;109.63%;0.38%;122.1MiB / 31.18GiB;655MB / 2.75GB;0B / 176kB;9 ;21:38:46
node;0.01%;0.29%;93.93MiB / 31.18GiB;360MB / 1.93GB;0B / 4.1kB;23 ;21:38:46
bun;0.00%;1.76%;561.1MiB / 31.18GiB;1.25GB / 6.89GB;0B / 0B;13 ;21:38:46
deno;110.68%;0.38%;122.1MiB / 31.18GiB;658MB / 2.76GB;0B / 176kB;9 ;21:38:49
node;0.00%;0.29%;93.93MiB / 31.18GiB;360MB / 1.93GB;0B / 4.1kB;23 ;21:38:49
bun;0.00%;1.76%;561.1MiB / 31.18GiB;1.25GB / 6.89GB;0B / 0B;13 ;21:38:49
deno;110.54%;0.38%;122.1MiB / 31.18GiB;664MB / 2.8GB;0B / 176kB;9 ;21:38:52
node;0.00%;0.29%;93.93MiB / 31.18GiB;360MB / 1.93GB;0B / 4.1kB;23 ;21:38:52
bun;0.00%;1.76%;561.1MiB / 31.18GiB;1.25GB / 6.89GB;0B / 0B;13 ;21:38:52
deno;109.58%;0.38%;122.1MiB / 31.18GiB;670MB / 2.84GB;0B / 176kB;9 ;21:38:55
node;0.00%;0.29%;93.93MiB / 31.18GiB;360MB / 1.93GB;0B / 4.1kB;23 ;21:38:55
bun;0.00%;1.76%;561.1MiB / 31.18GiB;1.25GB / 6.89GB;0B / 0B;13 ;21:38:55
deno;108.74%;0.38%;122.2MiB / 31.18GiB;675MB / 2.88GB;0B / 176kB;9 ;21:38:58
node;0.00%;0.29%;93.93MiB / 31.18GiB;360MB / 1.93GB;0B / 4.1kB;23 ;21:38:58
bun;0.00%;1.76%;561.1MiB / 31.18GiB;1.25GB / 6.89GB;0B / 0B;13 ;21:38:58
deno;108.37%;0.38%;122.1MiB / 31.18GiB;681MB / 2.92GB;0B / 176kB;9 ;21:39:01
node;0.00%;0.29%;93.93MiB / 31.18GiB;360MB / 1.93GB;0B / 4.1kB;23 ;21:39:01
bun;0.00%;1.76%;561.1MiB / 31.18GiB;1.25GB / 6.89GB;0B / 0B;13 ;21:39:01
deno;108.35%;0.38%;122.1MiB / 31.18GiB;684MB / 2.95GB;0B / 176kB;9 ;21:39:04
node;0.00%;0.29%;93.93MiB / 31.18GiB;360MB / 1.93GB;0B / 4.1kB;23 ;21:39:04
bun;0.00%;1.76%;561.1MiB / 31.18GiB;1.25GB / 6.89GB;0B / 0B;13 ;21:39:04
deno;109.26%;0.38%;122.1MiB / 31.18GiB;692MB / 3.01GB;0B / 176kB;9 ;21:39:07
node;0.00%;0.29%;93.93MiB / 31.18GiB;360MB / 1.93GB;0B / 4.1kB;23 ;21:39:07
bun;0.00%;1.76%;561.1MiB / 31.18GiB;1.25GB / 6.89GB;0B / 0B;13 ;21:39:07
deno;108.87%;0.38%;122.1MiB / 31.18GiB;698MB / 3.05GB;0B / 176kB;9 ;21:39:10
node;0.00%;0.29%;93.93MiB / 31.18GiB;360MB / 1.93GB;0B / 4.1kB;23 ;21:39:10
bun;0.00%;1.76%;561.1MiB / 31.18GiB;1.25GB / 6.89GB;0B / 0B;13 ;21:39:10
deno;108.94%;0.38%;122.1MiB / 31.18GiB;701MB / 3.08GB;0B / 176kB;9 ;21:39:13
node;0.00%;0.29%;93.93MiB / 31.18GiB;360MB / 1.93GB;0B / 4.1kB;23 ;21:39:13
bun;0.00%;1.76%;561.1MiB / 31.18GiB;1.25GB / 6.89GB;0B / 0B;13 ;21:39:13
deno;110.55%;0.38%;122.1MiB / 31.18GiB;709MB / 3.13GB;0B / 176kB;9 ;21:39:16
node;0.01%;0.29%;93.93MiB / 31.18GiB;360MB / 1.93GB;0B / 4.1kB;23 ;21:39:16
bun;0.00%;1.76%;561.1MiB / 31.18GiB;1.25GB / 6.89GB;0B / 0B;13 ;21:39:16
deno;108.33%;0.38%;122.1MiB / 31.18GiB;714MB / 3.18GB;0B / 176kB;9 ;21:39:19
node;0.00%;0.29%;93.93MiB / 31.18GiB;360MB / 1.93GB;0B / 4.1kB;23 ;21:39:19
bun;0.00%;1.76%;561.1MiB / 31.18GiB;1.25GB / 6.89GB;0B / 0B;13 ;21:39:19
deno;110.05%;0.38%;122.1MiB / 31.18GiB;718MB / 3.21GB;0B / 176kB;9 ;21:39:22
node;0.00%;0.29%;93.93MiB / 31.18GiB;360MB / 1.93GB;0B / 4.1kB;23 ;21:39:22
bun;0.00%;1.76%;561.1MiB / 31.18GiB;1.25GB / 6.89GB;0B / 0B;13 ;21:39:22
deno;108.22%;0.38%;122.1MiB / 31.18GiB;726MB / 3.26GB;0B / 176kB;9 ;21:39:25
node;0.00%;0.29%;93.93MiB / 31.18GiB;360MB / 1.93GB;0B / 4.1kB;23 ;21:39:25
bun;0.00%;1.76%;561.1MiB / 31.18GiB;1.25GB / 6.89GB;0B / 0B;13 ;21:39:25
deno;109.44%;0.38%;122.1MiB / 31.18GiB;731MB / 3.3GB;0B / 176kB;9 ;21:39:28
node;0.00%;0.29%;93.93MiB / 31.18GiB;360MB / 1.93GB;0B / 4.1kB;23 ;21:39:28
bun;0.00%;1.76%;561.1MiB / 31.18GiB;1.25GB / 6.89GB;0B / 0B;13 ;21:39:28
deno;111.70%;0.38%;122.1MiB / 31.18GiB;737MB / 3.35GB;0B / 176kB;9 ;21:39:31
node;0.00%;0.29%;93.93MiB / 31.18GiB;360MB / 1.93GB;0B / 4.1kB;23 ;21:39:31
bun;0.00%;1.76%;561.1MiB / 31.18GiB;1.25GB / 6.89GB;0B / 0B;13 ;21:39:31
deno;108.74%;0.38%;122.1MiB / 31.18GiB;742MB / 3.39GB;0B / 176kB;9 ;21:39:34
node;0.00%;0.29%;93.93MiB / 31.18GiB;360MB / 1.93GB;0B / 4.1kB;23 ;21:39:34
bun;0.00%;1.76%;561.1MiB / 31.18GiB;1.25GB / 6.89GB;0B / 0B;13 ;21:39:34
deno;110.40%;0.38%;122.1MiB / 31.18GiB;746MB / 3.42GB;0B / 176kB;9 ;21:39:37
node;0.00%;0.29%;93.93MiB / 31.18GiB;360MB / 1.93GB;0B / 4.1kB;23 ;21:39:37
bun;0.00%;1.76%;561.1MiB / 31.18GiB;1.25GB / 6.89GB;0B / 0B;13 ;21:39:37
deno;111.70%;0.38%;122.1MiB / 31.18GiB;751MB / 3.46GB;0B / 176kB;9 ;21:39:40
node;0.00%;0.29%;93.93MiB / 31.18GiB;360MB / 1.93GB;0B / 4.1kB;23 ;21:39:40
bun;0.00%;1.76%;561.1MiB / 31.18GiB;1.25GB / 6.89GB;0B / 0B;13 ;21:39:40
deno;108.36%;0.38%;122.2MiB / 31.18GiB;759MB / 3.52GB;0B / 176kB;9 ;21:39:43
node;0.00%;0.29%;93.93MiB / 31.18GiB;360MB / 1.93GB;0B / 4.1kB;23 ;21:39:43
bun;0.00%;1.76%;561.1MiB / 31.18GiB;1.25GB / 6.89GB;0B / 0B;13 ;21:39:43
deno;110.22%;0.38%;122.1MiB / 31.18GiB;764MB / 3.56GB;0B / 176kB;9 ;21:39:46
node;0.01%;0.29%;93.93MiB / 31.18GiB;360MB / 1.93GB;0B / 4.1kB;23 ;21:39:46
bun;0.00%;1.76%;561.1MiB / 31.18GiB;1.25GB / 6.89GB;0B / 0B;13 ;21:39:46
deno;107.90%;0.38%;122.2MiB / 31.18GiB;770MB / 3.6GB;0B / 176kB;9 ;21:39:49
node;0.00%;0.29%;93.93MiB / 31.18GiB;360MB / 1.93GB;0B / 4.1kB;23 ;21:39:49
bun;0.00%;1.76%;561.1MiB / 31.18GiB;1.25GB / 6.89GB;0B / 0B;13 ;21:39:49
deno;108.44%;0.38%;122.1MiB / 31.18GiB;774MB / 3.63GB;0B / 176kB;9 ;21:39:52
node;0.00%;0.29%;93.93MiB / 31.18GiB;360MB / 1.93GB;0B / 4.1kB;23 ;21:39:52
bun;0.00%;1.76%;561.1MiB / 31.18GiB;1.25GB / 6.89GB;0B / 0B;13 ;21:39:52
deno;110.03%;0.38%;122.1MiB / 31.18GiB;781MB / 3.68GB;0B / 176kB;9 ;21:39:55
node;0.00%;0.29%;93.93MiB / 31.18GiB;360MB / 1.93GB;0B / 4.1kB;23 ;21:39:55
bun;0.00%;1.76%;561.1MiB / 31.18GiB;1.25GB / 6.89GB;0B / 0B;13 ;21:39:55
deno;109.83%;0.38%;122.1MiB / 31.18GiB;785MB / 3.71GB;0B / 176kB;9 ;21:39:58
node;0.00%;0.29%;93.93MiB / 31.18GiB;360MB / 1.93GB;0B / 4.1kB;23 ;21:39:58
bun;0.00%;1.76%;561.1MiB / 31.18GiB;1.25GB / 6.89GB;0B / 0B;13 ;21:39:58
deno;110.99%;0.38%;122.1MiB / 31.18GiB;792MB / 3.77GB;0B / 176kB;9 ;21:40:01
node;0.00%;0.29%;93.93MiB / 31.18GiB;360MB / 1.93GB;0B / 4.1kB;23 ;21:40:01
bun;0.00%;1.76%;561.1MiB / 31.18GiB;1.25GB / 6.89GB;0B / 0B;13 ;21:40:01
deno;109.59%;0.38%;122.1MiB / 31.18GiB;796MB / 3.8GB;0B / 176kB;9 ;21:40:04
node;0.00%;0.29%;93.93MiB / 31.18GiB;360MB / 1.93GB;0B / 4.1kB;23 ;21:40:04
bun;0.00%;1.76%;561.1MiB / 31.18GiB;1.25GB / 6.89GB;0B / 0B;13 ;21:40:04
deno;108.87%;0.38%;122.1MiB / 31.18GiB;803MB / 3.85GB;0B / 176kB;9 ;21:40:07
node;0.00%;0.29%;93.93MiB / 31.18GiB;360MB / 1.93GB;0B / 4.1kB;23 ;21:40:07
bun;0.00%;1.76%;561.1MiB / 31.18GiB;1.25GB / 6.89GB;0B / 0B;13 ;21:40:07
deno;109.38%;0.38%;122.1MiB / 31.18GiB;808MB / 3.89GB;0B / 176kB;9 ;21:40:10
node;0.00%;0.29%;93.93MiB / 31.18GiB;360MB / 1.93GB;0B / 4.1kB;23 ;21:40:10
bun;0.00%;1.76%;561.1MiB / 31.18GiB;1.25GB / 6.89GB;0B / 0B;13 ;21:40:10
deno;110.40%;0.38%;122.1MiB / 31.18GiB;814MB / 3.93GB;0B / 176kB;9 ;21:40:13
node;0.00%;0.29%;93.93MiB / 31.18GiB;360MB / 1.93GB;0B / 4.1kB;23 ;21:40:13
bun;0.00%;1.76%;561.1MiB / 31.18GiB;1.25GB / 6.89GB;0B / 0B;13 ;21:40:13
deno;109.04%;0.38%;122.1MiB / 31.18GiB;817MB / 3.96GB;0B / 176kB;9 ;21:40:16
node;0.00%;0.29%;93.93MiB / 31.18GiB;360MB / 1.93GB;0B / 4.1kB;23 ;21:40:16
bun;0.00%;1.76%;561.1MiB / 31.18GiB;1.25GB / 6.89GB;0B / 0B;13 ;21:40:16
deno;110.71%;0.38%;122.1MiB / 31.18GiB;825MB / 4.02GB;0B / 176kB;9 ;21:40:19
node;0.00%;0.29%;93.93MiB / 31.18GiB;360MB / 1.93GB;0B / 4.1kB;23 ;21:40:19
bun;0.00%;1.76%;561.1MiB / 31.18GiB;1.25GB / 6.89GB;0B / 0B;13 ;21:40:19
deno;108.56%;0.38%;122.1MiB / 31.18GiB;828MB / 4.04GB;0B / 176kB;9 ;21:40:22
node;0.00%;0.29%;93.93MiB / 31.18GiB;360MB / 1.93GB;0B / 4.1kB;23 ;21:40:22
bun;0.00%;1.76%;561.1MiB / 31.18GiB;1.25GB / 6.89GB;0B / 0B;13 ;21:40:22
deno;111.77%;0.38%;122.1MiB / 31.18GiB;836MB / 4.1GB;0B / 176kB;9 ;21:40:25
node;0.00%;0.29%;93.93MiB / 31.18GiB;360MB / 1.93GB;0B / 4.1kB;23 ;21:40:25
bun;0.00%;1.76%;561.1MiB / 31.18GiB;1.25GB / 6.89GB;0B / 0B;13 ;21:40:25
deno;109.67%;0.38%;122.1MiB / 31.18GiB;841MB / 4.14GB;0B / 176kB;9 ;21:40:28
node;0.00%;0.29%;93.93MiB / 31.18GiB;360MB / 1.93GB;0B / 4.1kB;23 ;21:40:28
bun;0.00%;1.76%;561.1MiB / 31.18GiB;1.25GB / 6.89GB;0B / 0B;13 ;21:40:28
deno;109.38%;0.38%;122.1MiB / 31.18GiB;847MB / 4.19GB;0B / 176kB;9 ;21:40:31
node;0.00%;0.29%;93.93MiB / 31.18GiB;360MB / 1.93GB;0B / 4.1kB;23 ;21:40:31
bun;0.00%;1.76%;561.1MiB / 31.18GiB;1.25GB / 6.89GB;0B / 0B;13 ;21:40:31
deno;109.96%;0.38%;122.1MiB / 31.18GiB;852MB / 4.23GB;0B / 176kB;9 ;21:40:34
node;0.00%;0.29%;93.93MiB / 31.18GiB;360MB / 1.93GB;0B / 4.1kB;23 ;21:40:34
bun;0.00%;1.76%;561.1MiB / 31.18GiB;1.25GB / 6.89GB;0B / 0B;13 ;21:40:34
deno;111.82%;0.38%;122.1MiB / 31.18GiB;858MB / 4.27GB;0B / 176kB;9 ;21:40:38
node;0.00%;0.29%;93.93MiB / 31.18GiB;360MB / 1.93GB;0B / 4.1kB;23 ;21:40:38
bun;0.00%;1.76%;561.1MiB / 31.18GiB;1.25GB / 6.89GB;0B / 0B;13 ;21:40:38
deno;109.78%;0.38%;122.1MiB / 31.18GiB;864MB / 4.31GB;0B / 176kB;9 ;21:40:41
node;0.00%;0.29%;93.93MiB / 31.18GiB;360MB / 1.93GB;0B / 4.1kB;23 ;21:40:41
bun;0.00%;1.76%;561.1MiB / 31.18GiB;1.25GB / 6.89GB;0B / 0B;13 ;21:40:41
deno;111.52%;0.38%;122.1MiB / 31.18GiB;867MB / 4.34GB;0B / 176kB;9 ;21:40:44
node;0.00%;0.29%;93.93MiB / 31.18GiB;360MB / 1.93GB;0B / 4.1kB;23 ;21:40:44
bun;0.00%;1.76%;561.1MiB / 31.18GiB;1.25GB / 6.89GB;0B / 0B;13 ;21:40:44
deno;109.71%;0.38%;122.1MiB / 31.18GiB;874MB / 4.4GB;0B / 176kB;9 ;21:40:47
node;0.01%;0.29%;93.93MiB / 31.18GiB;360MB / 1.93GB;0B / 4.1kB;23 ;21:40:47
bun;0.00%;1.76%;561.1MiB / 31.18GiB;1.25GB / 6.89GB;0B / 0B;13 ;21:40:47
deno;108.86%;0.38%;122.3MiB / 31.18GiB;880MB / 4.43GB;0B / 176kB;9 ;21:40:50
node;0.00%;0.29%;93.93MiB / 31.18GiB;360MB / 1.93GB;0B / 4.1kB;23 ;21:40:50
bun;0.00%;1.76%;561.1MiB / 31.18GiB;1.25GB / 6.89GB;0B / 0B;13 ;21:40:50
deno;113.51%;0.38%;122.8MiB / 31.18GiB;882MB / 4.44GB;0B / 176kB;9 ;21:40:53
node;0.00%;0.29%;93.93MiB / 31.18GiB;360MB / 1.93GB;0B / 4.1kB;23 ;21:40:53
bun;0.01%;1.76%;561.1MiB / 31.18GiB;1.25GB / 6.89GB;0B / 0B;13 ;21:40:53
deno;109.84%;0.39%;123.3MiB / 31.18GiB;884MB / 4.44GB;0B / 176kB;9 ;21:40:56
node;0.00%;0.29%;93.93MiB / 31.18GiB;360MB / 1.93GB;0B / 4.1kB;23 ;21:40:56
bun;0.00%;1.76%;561.1MiB / 31.18GiB;1.25GB / 6.89GB;0B / 0B;13 ;21:40:56
deno;110.21%;0.39%;123.8MiB / 31.18GiB;886MB / 4.45GB;0B / 176kB;9 ;21:40:59
node;0.00%;0.29%;93.93MiB / 31.18GiB;360MB / 1.93GB;0B / 4.1kB;23 ;21:40:59
bun;0.00%;1.76%;561.1MiB / 31.18GiB;1.25GB / 6.89GB;0B / 0B;13 ;21:40:59
deno;114.06%;0.39%;124.1MiB / 31.18GiB;888MB / 4.45GB;0B / 176kB;9 ;21:41:02
node;0.00%;0.29%;93.93MiB / 31.18GiB;360MB / 1.93GB;0B / 4.1kB;23 ;21:41:02
bun;0.00%;1.76%;561.1MiB / 31.18GiB;1.25GB / 6.89GB;0B / 0B;13 ;21:41:02
deno;112.97%;0.39%;124.8MiB / 31.18GiB;891MB / 4.46GB;0B / 176kB;9 ;21:41:05
node;0.00%;0.29%;93.93MiB / 31.18GiB;360MB / 1.93GB;0B / 4.1kB;23 ;21:41:05
bun;0.01%;1.76%;561.1MiB / 31.18GiB;1.25GB / 6.89GB;0B / 0B;13 ;21:41:05
deno;115.01%;0.39%;125.4MiB / 31.18GiB;893MB / 4.46GB;0B / 176kB;9 ;21:41:08
node;0.00%;0.29%;93.93MiB / 31.18GiB;360MB / 1.93GB;0B / 4.1kB;23 ;21:41:08
bun;0.00%;1.76%;561.1MiB / 31.18GiB;1.25GB / 6.89GB;0B / 0B;13 ;21:41:08
deno;112.31%;0.39%;125.9MiB / 31.18GiB;896MB / 4.47GB;0B / 176kB;9 ;21:41:11
node;0.00%;0.29%;93.93MiB / 31.18GiB;360MB / 1.93GB;0B / 4.1kB;23 ;21:41:11
bun;0.00%;1.76%;561.1MiB / 31.18GiB;1.25GB / 6.89GB;0B / 0B;13 ;21:41:11
deno;108.44%;0.40%;126.4MiB / 31.18GiB;898MB / 4.47GB;0B / 176kB;9 ;21:41:14
node;0.00%;0.29%;93.93MiB / 31.18GiB;360MB / 1.93GB;0B / 4.1kB;23 ;21:41:14
bun;0.00%;1.76%;561.1MiB / 31.18GiB;1.25GB / 6.89GB;0B / 0B;13 ;21:41:14
deno;113.11%;0.40%;126.9MiB / 31.18GiB;900MB / 4.48GB;0B / 176kB;9 ;21:41:17
node;0.00%;0.29%;93.93MiB / 31.18GiB;360MB / 1.93GB;0B / 4.1kB;23 ;21:41:17
bun;0.00%;1.76%;561.1MiB / 31.18GiB;1.25GB / 6.89GB;0B / 0B;13 ;21:41:17
deno;112.32%;0.40%;127.3MiB / 31.18GiB;902MB / 4.48GB;0B / 176kB;9 ;21:41:20
node;0.00%;0.29%;93.93MiB / 31.18GiB;360MB / 1.93GB;0B / 4.1kB;23 ;21:41:20
bun;0.01%;1.76%;561.1MiB / 31.18GiB;1.25GB / 6.89GB;0B / 0B;13 ;21:41:20
deno;115.40%;0.40%;127.8MiB / 31.18GiB;905MB / 4.49GB;0B / 176kB;9 ;21:41:23
node;0.00%;0.29%;93.93MiB / 31.18GiB;360MB / 1.93GB;0B / 4.1kB;23 ;21:41:23
bun;0.00%;1.76%;561.1MiB / 31.18GiB;1.25GB / 6.89GB;0B / 0B;13 ;21:41:23
deno;113.33%;0.40%;128.3MiB / 31.18GiB;906MB / 4.49GB;0B / 176kB;9 ;21:41:26
node;0.00%;0.29%;93.93MiB / 31.18GiB;360MB / 1.93GB;0B / 4.1kB;23 ;21:41:26
bun;0.00%;1.76%;561.1MiB / 31.18GiB;1.25GB / 6.89GB;0B / 0B;13 ;21:41:26
deno;110.91%;0.40%;128.9MiB / 31.18GiB;909MB / 4.5GB;0B / 176kB;9 ;21:41:29
node;0.00%;0.29%;93.93MiB / 31.18GiB;360MB / 1.93GB;0B / 4.1kB;23 ;21:41:29
bun;0.00%;1.76%;561.1MiB / 31.18GiB;1.25GB / 6.89GB;0B / 0B;13 ;21:41:29
deno;111.70%;0.41%;129.4MiB / 31.18GiB;912MB / 4.51GB;0B / 176kB;9 ;21:41:32
node;0.00%;0.29%;93.93MiB / 31.18GiB;360MB / 1.93GB;0B / 4.1kB;23 ;21:41:32
bun;0.00%;1.76%;561.1MiB / 31.18GiB;1.25GB / 6.89GB;0B / 0B;13 ;21:41:32
deno;114.65%;0.41%;129.9MiB / 31.18GiB;914MB / 4.51GB;0B / 176kB;9 ;21:41:35
node;0.00%;0.29%;93.93MiB / 31.18GiB;360MB / 1.93GB;0B / 4.1kB;23 ;21:41:35
bun;0.00%;1.76%;561.1MiB / 31.18GiB;1.25GB / 6.89GB;0B / 0B;13 ;21:41:35
deno;113.80%;0.41%;130.2MiB / 31.18GiB;916MB / 4.51GB;0B / 176kB;9 ;21:41:38
node;0.00%;0.29%;93.93MiB / 31.18GiB;360MB / 1.93GB;0B / 4.1kB;23 ;21:41:38
bun;0.00%;1.76%;561.1MiB / 31.18GiB;1.25GB / 6.89GB;0B / 0B;13 ;21:41:38
deno;107.75%;0.41%;130.9MiB / 31.18GiB;919MB / 4.52GB;0B / 176kB;9 ;21:41:41
node;0.00%;0.29%;93.93MiB / 31.18GiB;360MB / 1.93GB;0B / 4.1kB;23 ;21:41:41
bun;0.00%;1.76%;561.1MiB / 31.18GiB;1.25GB / 6.89GB;0B / 0B;13 ;21:41:41
deno;112.26%;0.41%;131.5MiB / 31.18GiB;921MB / 4.53GB;0B / 176kB;9 ;21:41:44
node;0.00%;0.29%;93.93MiB / 31.18GiB;360MB / 1.93GB;0B / 4.1kB;23 ;21:41:44
bun;0.00%;1.76%;561.1MiB / 31.18GiB;1.25GB / 6.89GB;0B / 0B;13 ;21:41:44
deno;110.61%;0.41%;131.8MiB / 31.18GiB;922MB / 4.53GB;0B / 176kB;9 ;21:41:47
node;0.00%;0.29%;93.93MiB / 31.18GiB;360MB / 1.93GB;0B / 4.1kB;23 ;21:41:47
bun;0.00%;1.76%;561.1MiB / 31.18GiB;1.25GB / 6.89GB;0B / 0B;13 ;21:41:47
deno;114.71%;0.41%;132.3MiB / 31.18GiB;925MB / 4.54GB;0B / 176kB;9 ;21:41:50
node;0.00%;0.29%;93.93MiB / 31.18GiB;360MB / 1.93GB;0B / 4.1kB;23 ;21:41:50
bun;0.00%;1.76%;561.1MiB / 31.18GiB;1.25GB / 6.89GB;0B / 0B;13 ;21:41:50
deno;112.79%;0.42%;132.8MiB / 31.18GiB;927MB / 4.54GB;0B / 176kB;9 ;21:41:53
node;0.00%;0.29%;93.93MiB / 31.18GiB;360MB / 1.93GB;0B / 4.1kB;23 ;21:41:53
bun;0.00%;1.76%;561.1MiB / 31.18GiB;1.25GB / 6.89GB;0B / 0B;13 ;21:41:53
deno;111.90%;0.42%;133.4MiB / 31.18GiB;930MB / 4.55GB;0B / 176kB;9 ;21:41:56
node;0.00%;0.29%;93.93MiB / 31.18GiB;360MB / 1.93GB;0B / 4.1kB;23 ;21:41:56
bun;0.00%;1.76%;561.1MiB / 31.18GiB;1.25GB / 6.89GB;0B / 0B;13 ;21:41:56
deno;112.36%;0.42%;133.8MiB / 31.18GiB;931MB / 4.55GB;0B / 176kB;9 ;21:41:59
node;0.00%;0.29%;93.93MiB / 31.18GiB;360MB / 1.93GB;0B / 4.1kB;23 ;21:41:59
bun;0.00%;1.76%;561.1MiB / 31.18GiB;1.25GB / 6.89GB;0B / 0B;13 ;21:41:59
deno;109.21%;0.42%;134.3MiB / 31.18GiB;934MB / 4.56GB;0B / 176kB;9 ;21:42:02
node;0.00%;0.29%;93.93MiB / 31.18GiB;360MB / 1.93GB;0B / 4.1kB;23 ;21:42:02
bun;0.00%;1.76%;561.1MiB / 31.18GiB;1.25GB / 6.89GB;0B / 0B;13 ;21:42:02
deno;112.33%;0.42%;134.9MiB / 31.18GiB;937MB / 4.56GB;0B / 176kB;9 ;21:42:05
node;0.00%;0.29%;93.93MiB / 31.18GiB;360MB / 1.93GB;0B / 4.1kB;23 ;21:42:05
bun;0.01%;1.76%;561.1MiB / 31.18GiB;1.25GB / 6.89GB;0B / 0B;13 ;21:42:05
deno;112.03%;0.42%;135.4MiB / 31.18GiB;939MB / 4.57GB;0B / 176kB;9 ;21:42:08
node;0.00%;0.29%;93.93MiB / 31.18GiB;360MB / 1.93GB;0B / 4.1kB;23 ;21:42:08
bun;0.01%;1.76%;561.1MiB / 31.18GiB;1.25GB / 6.89GB;0B / 0B;13 ;21:42:08
deno;112.37%;0.43%;136MiB / 31.18GiB;941MB / 4.57GB;0B / 176kB;9 ;21:42:11
node;0.00%;0.29%;93.93MiB / 31.18GiB;360MB / 1.93GB;0B / 4.1kB;23 ;21:42:11
bun;0.00%;1.76%;561.1MiB / 31.18GiB;1.25GB / 6.89GB;0B / 0B;13 ;21:42:11
deno;109.66%;0.43%;136.5MiB / 31.18GiB;943MB / 4.58GB;0B / 176kB;9 ;21:42:14
node;0.00%;0.29%;93.93MiB / 31.18GiB;360MB / 1.93GB;0B / 4.1kB;23 ;21:42:14
bun;0.00%;1.76%;561.1MiB / 31.18GiB;1.25GB / 6.89GB;0B / 0B;13 ;21:42:14
deno;111.67%;0.43%;136.9MiB / 31.18GiB;946MB / 4.58GB;0B / 176kB;9 ;21:42:17
node;0.00%;0.29%;93.93MiB / 31.18GiB;360MB / 1.93GB;0B / 4.1kB;23 ;21:42:17
bun;0.00%;1.76%;561.1MiB / 31.18GiB;1.25GB / 6.89GB;0B / 0B;13 ;21:42:17
deno;110.90%;0.43%;137.5MiB / 31.18GiB;948MB / 4.59GB;0B / 176kB;9 ;21:42:21
node;0.00%;0.29%;93.93MiB / 31.18GiB;360MB / 1.93GB;0B / 4.1kB;23 ;21:42:21
bun;0.00%;1.76%;561.1MiB / 31.18GiB;1.25GB / 6.89GB;0B / 0B;13 ;21:42:21
deno;111.18%;0.43%;137.8MiB / 31.18GiB;949MB / 4.59GB;0B / 176kB;9 ;21:42:24
node;0.00%;0.29%;93.93MiB / 31.18GiB;360MB / 1.93GB;0B / 4.1kB;23 ;21:42:24
bun;0.00%;1.76%;561.1MiB / 31.18GiB;1.25GB / 6.89GB;0B / 0B;13 ;21:42:24
deno;108.66%;0.43%;138.5MiB / 31.18GiB;952MB / 4.6GB;0B / 176kB;9 ;21:42:27
node;0.00%;0.29%;93.93MiB / 31.18GiB;360MB / 1.93GB;0B / 4.1kB;23 ;21:42:27
bun;0.00%;1.76%;561.1MiB / 31.18GiB;1.25GB / 6.89GB;0B / 0B;13 ;21:42:27
deno;113.81%;0.43%;138.8MiB / 31.18GiB;954MB / 4.6GB;0B / 176kB;9 ;21:42:30
node;0.00%;0.29%;93.93MiB / 31.18GiB;360MB / 1.93GB;0B / 4.1kB;23 ;21:42:30
bun;0.00%;1.76%;561.1MiB / 31.18GiB;1.25GB / 6.89GB;0B / 0B;13 ;21:42:30
deno;109.78%;0.44%;139.3MiB / 31.18GiB;956MB / 4.61GB;0B / 176kB;9 ;21:42:33
node;0.00%;0.29%;93.93MiB / 31.18GiB;360MB / 1.93GB;0B / 4.1kB;23 ;21:42:33
bun;0.00%;1.76%;561.1MiB / 31.18GiB;1.25GB / 6.89GB;0B / 0B;13 ;21:42:33
deno;113.83%;0.44%;139.9MiB / 31.18GiB;959MB / 4.61GB;0B / 176kB;9 ;21:42:36
node;0.00%;0.29%;93.93MiB / 31.18GiB;360MB / 1.93GB;0B / 4.1kB;23 ;21:42:36
bun;0.00%;1.76%;561.1MiB / 31.18GiB;1.25GB / 6.89GB;0B / 0B;13 ;21:42:36
deno;113.86%;0.44%;140.4MiB / 31.18GiB;961MB / 4.62GB;0B / 176kB;9 ;21:42:39
node;0.00%;0.29%;93.93MiB / 31.18GiB;360MB / 1.93GB;0B / 4.1kB;23 ;21:42:39
bun;0.00%;1.76%;561.1MiB / 31.18GiB;1.25GB / 6.89GB;0B / 0B;13 ;21:42:39
deno;110.59%;0.44%;140.9MiB / 31.18GiB;963MB / 4.62GB;0B / 176kB;9 ;21:42:42
node;0.00%;0.29%;93.93MiB / 31.18GiB;360MB / 1.93GB;0B / 4.1kB;23 ;21:42:42
bun;0.00%;1.76%;561.1MiB / 31.18GiB;1.25GB / 6.89GB;0B / 0B;13 ;21:42:42
deno;112.45%;0.44%;141.2MiB / 31.18GiB;965MB / 4.63GB;0B / 176kB;9 ;21:42:45
node;0.00%;0.29%;93.93MiB / 31.18GiB;360MB / 1.93GB;0B / 4.1kB;23 ;21:42:45
bun;0.00%;1.76%;561.1MiB / 31.18GiB;1.25GB / 6.89GB;0B / 0B;13 ;21:42:45
deno;109.87%;0.44%;141.7MiB / 31.18GiB;967MB / 4.63GB;0B / 176kB;9 ;21:42:48
node;0.00%;0.29%;93.93MiB / 31.18GiB;360MB / 1.93GB;0B / 4.1kB;23 ;21:42:48
bun;0.01%;1.76%;561.1MiB / 31.18GiB;1.25GB / 6.89GB;0B / 0B;13 ;21:42:48
deno;0.00%;0.44%;142MiB / 31.18GiB;969MB / 4.64GB;0B / 176kB;9 ;21:42:51
node;0.00%;0.29%;93.93MiB / 31.18GiB;360MB / 1.93GB;0B / 4.1kB;23 ;21:42:51
bun;0.00%;1.76%;561.1MiB / 31.18GiB;1.25GB / 6.89GB;0B / 0B;13 ;21:42:51
