deno;0.00%;0.13%;42.8MiB;31.18GiB;19.3kB;5.34kB;0B;176kB;9;20:52:36
node;146.83%;0.25%;80.13MiB;31.18GiB;1.73MB;7.13MB;0B;4.1kB;23;20:52:36
gifted_nobel;0.01%;0.12%;37.41MiB;31.18GiB;19kB;0B;0B;0B;8;20:52:36
deno;0.00%;0.13%;42.8MiB;31.18GiB;19.3kB;5.34kB;0B;176kB;9;20:52:39
node;125.53%;0.29%;92.57MiB;31.18GiB;3.3MB;13.9MB;0B;4.1kB;23;20:52:39
gifted_nobel;0.00%;0.12%;37.41MiB;31.18GiB;19kB;0B;0B;0B;8;20:52:39
deno;0.00%;0.13%;42.8MiB;31.18GiB;19.3kB;5.34kB;0B;176kB;9;20:52:42
node;126.72%;0.26%;82.65MiB;31.18GiB;4.88MB;20.7MB;0B;4.1kB;23;20:52:42
gifted_nobel;0.00%;0.12%;37.41MiB;31.18GiB;19kB;0B;0B;0B;8;20:52:42
deno;0.00%;0.13%;42.8MiB;31.18GiB;19.3kB;5.34kB;0B;176kB;9;20:52:45
node;128.22%;0.30%;97.2MiB;31.18GiB;6.37MB;27.2MB;0B;4.1kB;23;20:52:45
gifted_nobel;0.01%;0.12%;37.41MiB;31.18GiB;19kB;0B;0B;0B;8;20:52:45
deno;0.00%;0.13%;42.8MiB;31.18GiB;19.3kB;5.34kB;0B;176kB;9;20:52:48
node;128.12%;0.27%;86.61MiB;31.18GiB;7.88MB;33.6MB;0B;4.1kB;23;20:52:48
gifted_nobel;0.00%;0.12%;37.41MiB;31.18GiB;19kB;0B;0B;0B;8;20:52:48
deno;0.00%;0.13%;42.8MiB;31.18GiB;19.3kB;5.34kB;0B;176kB;9;20:52:51
node;121.65%;0.28%;89.33MiB;31.18GiB;9.4MB;40.2MB;0B;4.1kB;23;20:52:51
gifted_nobel;0.00%;0.12%;37.41MiB;31.18GiB;19kB;0B;0B;0B;8;20:52:51
deno;0.00%;0.13%;42.8MiB;31.18GiB;19.3kB;5.34kB;0B;176kB;9;20:52:54
node;125.53%;0.26%;83.99MiB;31.18GiB;11MB;46.9MB;0B;4.1kB;23;20:52:54
gifted_nobel;0.00%;0.12%;37.41MiB;31.18GiB;19kB;0B;0B;0B;8;20:52:54
deno;0.00%;0.13%;42.8MiB;31.18GiB;19.3kB;5.34kB;0B;176kB;9;20:52:57
node;126.45%;0.29%;91.17MiB;31.18GiB;12.5MB;53.4MB;0B;4.1kB;23;20:52:57
gifted_nobel;0.01%;0.12%;37.41MiB;31.18GiB;19kB;0B;0B;0B;8;20:52:57
deno;0.00%;0.13%;42.8MiB;31.18GiB;19.3kB;5.34kB;0B;176kB;9;20:53:00
node;129.75%;0.26%;84.26MiB;31.18GiB;14MB;60.1MB;0B;4.1kB;23;20:53:00
gifted_nobel;0.00%;0.12%;37.41MiB;31.18GiB;19kB;0B;0B;0B;8;20:53:00
deno;0.00%;0.13%;42.8MiB;31.18GiB;19.3kB;5.34kB;0B;176kB;9;20:53:03
node;124.67%;0.29%;93.98MiB;31.18GiB;15.6MB;66.7MB;0B;4.1kB;23;20:53:03
gifted_nobel;0.00%;0.12%;37.41MiB;31.18GiB;19kB;0B;0B;0B;8;20:53:03
deno;0.00%;0.13%;42.8MiB;31.18GiB;19.3kB;5.34kB;0B;176kB;9;20:53:06
node;126.72%;0.27%;85.09MiB;31.18GiB;17.1MB;73.2MB;0B;4.1kB;23;20:53:06
gifted_nobel;0.00%;0.12%;37.41MiB;31.18GiB;19kB;0B;0B;0B;8;20:53:06
deno;0.00%;0.13%;42.8MiB;31.18GiB;19.3kB;5.34kB;0B;176kB;9;20:53:09
node;128.88%;0.29%;91.6MiB;31.18GiB;18.6MB;79.8MB;0B;4.1kB;23;20:53:09
gifted_nobel;0.00%;0.12%;37.41MiB;31.18GiB;19kB;0B;0B;0B;8;20:53:09
deno;0.00%;0.13%;42.8MiB;31.18GiB;19.3kB;5.34kB;0B;176kB;9;20:53:12
node;129.76%;0.26%;84.55MiB;31.18GiB;19.6MB;84.1MB;0B;4.1kB;23;20:53:12
gifted_nobel;0.00%;0.12%;37.41MiB;31.18GiB;19kB;0B;0B;0B;8;20:53:12
deno;0.00%;0.13%;42.8MiB;31.18GiB;19.3kB;5.34kB;0B;176kB;9;20:53:15
node;131.37%;0.26%;82.95MiB;31.18GiB;21.7MB;93MB;0B;4.1kB;23;20:53:15
gifted_nobel;0.00%;0.12%;37.41MiB;31.18GiB;19kB;0B;0B;0B;8;20:53:15
deno;0.00%;0.13%;42.8MiB;31.18GiB;19.3kB;5.34kB;0B;176kB;9;20:53:18
node;128.38%;0.26%;82.21MiB;31.18GiB;22.7MB;97.4MB;0B;4.1kB;23;20:53:18
gifted_nobel;0.00%;0.12%;37.41MiB;31.18GiB;19kB;0B;0B;0B;8;20:53:18
deno;0.00%;0.13%;42.8MiB;31.18GiB;19.3kB;5.34kB;0B;176kB;9;20:53:22
node;121.05%;0.31%;98.97MiB;31.18GiB;24.2MB;104MB;0B;4.1kB;23;20:53:22
gifted_nobel;0.00%;0.12%;37.41MiB;31.18GiB;19kB;0B;0B;0B;8;20:53:22
deno;0.00%;0.13%;42.8MiB;31.18GiB;19.3kB;5.34kB;0B;176kB;9;20:53:25
node;128.66%;0.26%;82.44MiB;31.18GiB;26.2MB;113MB;0B;4.1kB;23;20:53:25
gifted_nobel;0.00%;0.12%;37.41MiB;31.18GiB;19kB;0B;0B;0B;8;20:53:25
deno;0.00%;0.13%;42.8MiB;31.18GiB;19.3kB;5.34kB;0B;176kB;9;20:53:28
node;128.24%;0.32%;100.8MiB;31.18GiB;27.7MB;119MB;0B;4.1kB;23;20:53:28
gifted_nobel;0.00%;0.12%;37.41MiB;31.18GiB;19kB;0B;0B;0B;8;20:53:28
deno;0.00%;0.13%;42.8MiB;31.18GiB;19.3kB;5.34kB;0B;176kB;9;20:53:31
node;128.26%;0.27%;85.89MiB;31.18GiB;29.3MB;126MB;0B;4.1kB;23;20:53:31
gifted_nobel;0.00%;0.12%;37.41MiB;31.18GiB;19kB;0B;0B;0B;8;20:53:31
deno;0.00%;0.13%;42.8MiB;31.18GiB;19.3kB;5.34kB;0B;176kB;9;20:53:34
node;129.37%;0.26%;83.91MiB;31.18GiB;30.8MB;132MB;0B;4.1kB;23;20:53:34
gifted_nobel;0.00%;0.12%;37.41MiB;31.18GiB;19kB;0B;0B;0B;8;20:53:34
deno;0.00%;0.13%;42.8MiB;31.18GiB;19.3kB;5.34kB;0B;176kB;9;20:53:37
node;128.77%;0.27%;85.45MiB;31.18GiB;32.3MB;139MB;0B;4.1kB;23;20:53:37
gifted_nobel;0.00%;0.12%;37.41MiB;31.18GiB;19kB;0B;0B;0B;8;20:53:37
deno;0.00%;0.13%;42.8MiB;31.18GiB;19.3kB;5.34kB;0B;176kB;9;20:53:40
node;124.30%;0.30%;96.2MiB;31.18GiB;33.8MB;145MB;0B;4.1kB;23;20:53:40
gifted_nobel;0.00%;0.12%;37.41MiB;31.18GiB;19kB;0B;0B;0B;8;20:53:40
deno;0.00%;0.13%;42.8MiB;31.18GiB;19.5kB;5.34kB;0B;176kB;9;20:53:42
node;121.43%;0.26%;82.86MiB;31.18GiB;34.8MB;149MB;0B;4.1kB;23;20:53:42
gifted_nobel;0.00%;0.12%;37.41MiB;31.18GiB;19.2kB;0B;0B;0B;8;20:53:42
deno;0.00%;0.13%;42.8MiB;31.18GiB;20.2kB;5.34kB;0B;176kB;9;20:53:45
node;124.47%;0.28%;88.7MiB;31.18GiB;36.3MB;156MB;0B;4.1kB;23;20:53:45
gifted_nobel;0.00%;0.12%;37.41MiB;31.18GiB;19.7kB;0B;0B;0B;8;20:53:45
deno;0.00%;0.13%;42.8MiB;31.18GiB;20.2kB;5.34kB;0B;176kB;9;20:53:48
node;128.00%;0.26%;82.26MiB;31.18GiB;37.8MB;162MB;0B;4.1kB;23;20:53:48
gifted_nobel;0.00%;0.12%;37.41MiB;31.18GiB;19.9kB;0B;0B;0B;8;20:53:48
deno;0.00%;0.13%;42.8MiB;31.18GiB;20.2kB;5.34kB;0B;176kB;9;20:53:51
node;126.90%;0.26%;84.31MiB;31.18GiB;39.3MB;169MB;0B;4.1kB;23;20:53:51
gifted_nobel;0.00%;0.12%;37.41MiB;31.18GiB;19.9kB;0B;0B;0B;8;20:53:51
deno;0.00%;0.13%;42.8MiB;31.18GiB;20.2kB;5.34kB;0B;176kB;9;20:53:54
node;127.30%;0.26%;82.63MiB;31.18GiB;40.7MB;175MB;0B;4.1kB;23;20:53:54
gifted_nobel;0.00%;0.12%;37.41MiB;31.18GiB;19.9kB;0B;0B;0B;8;20:53:54
deno;0.00%;0.13%;42.8MiB;31.18GiB;20.2kB;5.34kB;0B;176kB;9;20:53:57
node;125.69%;0.27%;87.18MiB;31.18GiB;41.7MB;179MB;0B;4.1kB;23;20:53:57
gifted_nobel;0.00%;0.12%;37.41MiB;31.18GiB;19.9kB;0B;0B;0B;8;20:53:57
deno;0.00%;0.13%;42.8MiB;31.18GiB;20.2kB;5.34kB;0B;176kB;9;20:54:00
node;126.89%;0.26%;82.87MiB;31.18GiB;43.7MB;188MB;0B;4.1kB;23;20:54:00
gifted_nobel;0.00%;0.12%;37.41MiB;31.18GiB;19.9kB;0B;0B;0B;8;20:54:00
deno;0.00%;0.13%;42.8MiB;31.18GiB;20.2kB;5.34kB;0B;176kB;9;20:54:03
node;125.19%;0.29%;93.84MiB;31.18GiB;45.2MB;194MB;0B;4.1kB;23;20:54:03
gifted_nobel;0.00%;0.12%;37.41MiB;31.18GiB;19.9kB;0B;0B;0B;8;20:54:03
deno;0.00%;0.13%;42.8MiB;31.18GiB;20.2kB;5.34kB;0B;176kB;9;20:54:06
node;126.17%;0.26%;83.15MiB;31.18GiB;46.7MB;201MB;0B;4.1kB;23;20:54:06
gifted_nobel;0.00%;0.12%;37.41MiB;31.18GiB;19.9kB;0B;0B;0B;8;20:54:06
deno;0.00%;0.13%;42.8MiB;31.18GiB;20.2kB;5.34kB;0B;176kB;9;20:54:09
node;129.01%;0.26%;82.63MiB;31.18GiB;48.1MB;207MB;0B;4.1kB;23;20:54:09
gifted_nobel;0.01%;0.12%;37.41MiB;31.18GiB;19.9kB;0B;0B;0B;8;20:54:09
deno;0.00%;0.13%;42.8MiB;31.18GiB;20.3kB;5.34kB;0B;176kB;9;20:54:12
node;128.08%;0.27%;86.6MiB;31.18GiB;49.7MB;213MB;0B;4.1kB;23;20:54:12
gifted_nobel;0.00%;0.12%;37.41MiB;31.18GiB;19.9kB;0B;0B;0B;8;20:54:12
deno;0.00%;0.13%;42.8MiB;31.18GiB;20.3kB;5.34kB;0B;176kB;9;20:54:15
node;126.40%;0.29%;92.14MiB;31.18GiB;50.6MB;218MB;0B;4.1kB;23;20:54:15
gifted_nobel;0.00%;0.12%;37.41MiB;31.18GiB;19.9kB;0B;0B;0B;8;20:54:15
deno;0.00%;0.13%;42.8MiB;31.18GiB;20.3kB;5.34kB;0B;176kB;9;20:54:18
node;130.00%;0.26%;83.53MiB;31.18GiB;52.6MB;226MB;0B;4.1kB;23;20:54:18
gifted_nobel;0.00%;0.12%;37.41MiB;31.18GiB;19.9kB;0B;0B;0B;8;20:54:18
deno;0.00%;0.13%;42.8MiB;31.18GiB;20.3kB;5.34kB;0B;176kB;9;20:54:21
node;122.59%;0.27%;85.84MiB;31.18GiB;54.1MB;233MB;0B;4.1kB;23;20:54:21
gifted_nobel;0.00%;0.12%;37.41MiB;31.18GiB;19.9kB;0B;0B;0B;8;20:54:21
deno;0.00%;0.13%;42.8MiB;31.18GiB;20.3kB;5.34kB;0B;176kB;9;20:54:24
node;128.54%;0.29%;93.93MiB;31.18GiB;55.6MB;239MB;0B;4.1kB;23;20:54:24
gifted_nobel;0.00%;0.12%;37.41MiB;31.18GiB;19.9kB;0B;0B;0B;8;20:54:24
deno;0.00%;0.13%;42.8MiB;31.18GiB;20.3kB;5.34kB;0B;176kB;9;20:54:27
node;128.46%;0.26%;82.99MiB;31.18GiB;57.1MB;246MB;0B;4.1kB;23;20:54:27
gifted_nobel;0.00%;0.12%;37.41MiB;31.18GiB;19.9kB;0B;0B;0B;8;20:54:27
deno;0.00%;0.13%;42.8MiB;31.18GiB;20.3kB;5.34kB;0B;176kB;9;20:54:30
node;126.77%;0.28%;90.04MiB;31.18GiB;58.1MB;250MB;0B;4.1kB;23;20:54:30
gifted_nobel;0.00%;0.12%;37.41MiB;31.18GiB;19.9kB;0B;0B;0B;8;20:54:30
deno;0.00%;0.13%;42.8MiB;31.18GiB;20.3kB;5.34kB;0B;176kB;9;20:54:33
node;131.32%;0.26%;83.87MiB;31.18GiB;60.1MB;259MB;0B;4.1kB;23;20:54:33
gifted_nobel;0.00%;0.12%;37.41MiB;31.18GiB;19.9kB;0B;0B;0B;8;20:54:33
deno;0.00%;0.13%;42.8MiB;31.18GiB;20.3kB;5.34kB;0B;176kB;9;20:54:36
node;126.63%;0.30%;95.75MiB;31.18GiB;61.8MB;268MB;0B;4.1kB;23;20:54:36
gifted_nobel;0.00%;0.12%;37.41MiB;31.18GiB;19.9kB;0B;0B;0B;8;20:54:36
deno;0.00%;0.13%;42.8MiB;31.18GiB;20.3kB;5.34kB;0B;176kB;9;20:54:39
node;121.25%;0.29%;91.9MiB;31.18GiB;63.8MB;284MB;0B;4.1kB;23;20:54:39
gifted_nobel;0.00%;0.12%;37.41MiB;31.18GiB;19.9kB;0B;0B;0B;8;20:54:39
deno;0.00%;0.13%;42.8MiB;31.18GiB;20.3kB;5.34kB;0B;176kB;9;20:54:42
node;118.52%;0.29%;91.34MiB;31.18GiB;65.6MB;298MB;0B;4.1kB;23;20:54:42
gifted_nobel;0.00%;0.12%;37.41MiB;31.18GiB;19.9kB;0B;0B;0B;8;20:54:42
deno;0.00%;0.13%;42.8MiB;31.18GiB;20.3kB;5.34kB;0B;176kB;9;20:54:45
node;119.62%;0.30%;94.81MiB;31.18GiB;66.9MB;308MB;0B;4.1kB;23;20:54:45
gifted_nobel;0.00%;0.12%;37.41MiB;31.18GiB;19.9kB;0B;0B;0B;8;20:54:45
deno;0.00%;0.13%;42.8MiB;31.18GiB;20.3kB;5.34kB;0B;176kB;9;20:54:48
node;119.58%;0.29%;91.75MiB;31.18GiB;69.5MB;328MB;0B;4.1kB;23;20:54:48
gifted_nobel;0.00%;0.12%;37.41MiB;31.18GiB;19.9kB;0B;0B;0B;8;20:54:48
deno;0.00%;0.13%;42.8MiB;31.18GiB;20.3kB;5.34kB;0B;176kB;9;20:54:51
node;124.05%;0.33%;105.7MiB;31.18GiB;71.5MB;344MB;0B;4.1kB;23;20:54:51
gifted_nobel;0.00%;0.12%;37.41MiB;31.18GiB;19.9kB;0B;0B;0B;8;20:54:51
deno;0.00%;0.13%;42.8MiB;31.18GiB;20.3kB;5.34kB;0B;176kB;9;20:54:54
node;121.05%;0.28%;90.63MiB;31.18GiB;73.6MB;360MB;0B;4.1kB;23;20:54:54
gifted_nobel;0.00%;0.12%;37.41MiB;31.18GiB;19.9kB;0B;0B;0B;8;20:54:54
deno;0.00%;0.13%;42.8MiB;31.18GiB;20.4kB;5.34kB;0B;176kB;9;20:54:57
node;120.68%;0.30%;94.5MiB;31.18GiB;75.6MB;376MB;0B;4.1kB;23;20:54:57
gifted_nobel;0.00%;0.12%;37.41MiB;31.18GiB;20kB;0B;0B;0B;8;20:54:57
deno;0.00%;0.13%;42.8MiB;31.18GiB;20.4kB;5.34kB;0B;176kB;9;20:55:00
node;119.78%;0.32%;101.5MiB;31.18GiB;77.6MB;391MB;0B;4.1kB;23;20:55:00
gifted_nobel;0.00%;0.12%;37.41MiB;31.18GiB;20kB;0B;0B;0B;8;20:55:00
deno;0.00%;0.13%;42.8MiB;31.18GiB;20.4kB;5.34kB;0B;176kB;9;20:55:03
node;117.95%;0.29%;93.3MiB;31.18GiB;79.7MB;407MB;0B;4.1kB;23;20:55:03
gifted_nobel;0.01%;0.12%;37.41MiB;31.18GiB;20kB;0B;0B;0B;8;20:55:03
deno;0.00%;0.13%;42.8MiB;31.18GiB;20.4kB;5.34kB;0B;176kB;9;20:55:06
node;117.35%;0.32%;102.5MiB;31.18GiB;81MB;417MB;0B;4.1kB;23;20:55:06
gifted_nobel;0.00%;0.12%;37.41MiB;31.18GiB;20kB;0B;0B;0B;8;20:55:06
deno;0.00%;0.13%;42.8MiB;31.18GiB;20.5kB;5.34kB;0B;176kB;9;20:55:09
node;121.16%;0.28%;90.61MiB;31.18GiB;83.8MB;439MB;0B;4.1kB;23;20:55:09
gifted_nobel;0.00%;0.12%;37.41MiB;31.18GiB;20.1kB;0B;0B;0B;8;20:55:09
deno;0.00%;0.13%;42.8MiB;31.18GiB;20.5kB;5.34kB;0B;176kB;9;20:55:13
node;118.68%;0.32%;102.5MiB;31.18GiB;85.2MB;449MB;0B;4.1kB;23;20:55:13
gifted_nobel;0.00%;0.12%;37.41MiB;31.18GiB;20.1kB;0B;0B;0B;8;20:55:13
deno;0.00%;0.13%;42.8MiB;31.18GiB;20.5kB;5.34kB;0B;176kB;9;20:55:16
node;119.35%;0.29%;92.07MiB;31.18GiB;87.3MB;466MB;0B;4.1kB;23;20:55:16
gifted_nobel;0.00%;0.12%;37.41MiB;31.18GiB;20.1kB;0B;0B;0B;8;20:55:16
deno;0.00%;0.13%;42.8MiB;31.18GiB;20.5kB;5.34kB;0B;176kB;9;20:55:19
node;119.38%;0.29%;91.17MiB;31.18GiB;90MB;487MB;0B;4.1kB;23;20:55:19
gifted_nobel;0.00%;0.12%;37.41MiB;31.18GiB;20.1kB;0B;0B;0B;8;20:55:19
deno;0.00%;0.13%;42.8MiB;31.18GiB;20.5kB;5.34kB;0B;176kB;9;20:55:22
node;121.34%;0.29%;92.09MiB;31.18GiB;92.1MB;503MB;0B;4.1kB;23;20:55:22
gifted_nobel;0.00%;0.12%;37.41MiB;31.18GiB;20.1kB;0B;0B;0B;8;20:55:22
deno;0.00%;0.13%;42.8MiB;31.18GiB;20.5kB;5.34kB;0B;176kB;9;20:55:25
node;120.84%;0.29%;91.41MiB;31.18GiB;94.2MB;519MB;0B;4.1kB;23;20:55:25
gifted_nobel;0.00%;0.12%;37.41MiB;31.18GiB;20.1kB;0B;0B;0B;8;20:55:25
deno;0.00%;0.13%;42.8MiB;31.18GiB;20.5kB;5.34kB;0B;176kB;9;20:55:28
node;118.48%;0.28%;90.81MiB;31.18GiB;95.5MB;529MB;0B;4.1kB;23;20:55:28
gifted_nobel;0.00%;0.12%;37.41MiB;31.18GiB;20.1kB;0B;0B;0B;8;20:55:28
deno;0.00%;0.13%;42.8MiB;31.18GiB;20.5kB;5.34kB;0B;176kB;9;20:55:31
node;119.15%;0.28%;90.21MiB;31.18GiB;97.6MB;545MB;0B;4.1kB;23;20:55:31
gifted_nobel;0.00%;0.12%;37.41MiB;31.18GiB;20.1kB;0B;0B;0B;8;20:55:31
deno;0.00%;0.13%;42.8MiB;31.18GiB;20.5kB;5.34kB;0B;176kB;9;20:55:34
node;117.86%;0.28%;90.8MiB;31.18GiB;100MB;566MB;0B;4.1kB;23;20:55:34
gifted_nobel;0.00%;0.12%;37.41MiB;31.18GiB;20.1kB;0B;0B;0B;8;20:55:34
deno;0.00%;0.13%;42.8MiB;31.18GiB;20.5kB;5.34kB;0B;176kB;9;20:55:37
node;116.69%;0.30%;95.62MiB;31.18GiB;102MB;582MB;0B;4.1kB;23;20:55:37
gifted_nobel;0.00%;0.12%;37.41MiB;31.18GiB;20.1kB;0B;0B;0B;8;20:55:37
deno;0.00%;0.13%;42.8MiB;31.18GiB;20.6kB;5.34kB;0B;176kB;9;20:55:40
node;117.36%;0.33%;105.9MiB;31.18GiB;104MB;593MB;0B;4.1kB;23;20:55:40
gifted_nobel;0.00%;0.12%;37.41MiB;31.18GiB;20.1kB;0B;0B;0B;8;20:55:40
deno;0.00%;0.13%;42.8MiB;31.18GiB;21kB;5.34kB;0B;176kB;9;20:55:43
node;121.33%;0.29%;94.05MiB;31.18GiB;107MB;615MB;0B;4.1kB;23;20:55:43
gifted_nobel;0.00%;0.12%;37.41MiB;31.18GiB;20.3kB;0B;0B;0B;8;20:55:43
deno;0.00%;0.13%;42.8MiB;31.18GiB;21.4kB;5.34kB;0B;176kB;9;20:55:46
node;120.80%;0.30%;94.61MiB;31.18GiB;109MB;631MB;0B;4.1kB;23;20:55:46
gifted_nobel;0.00%;0.12%;37.41MiB;31.18GiB;21kB;0B;0B;0B;8;20:55:46
deno;0.00%;0.13%;42.8MiB;31.18GiB;21.4kB;5.34kB;0B;176kB;9;20:55:49
node;121.14%;0.28%;90.44MiB;31.18GiB;111MB;648MB;0B;4.1kB;23;20:55:49
gifted_nobel;0.00%;0.12%;37.41MiB;31.18GiB;21kB;0B;0B;0B;8;20:55:49
deno;0.00%;0.13%;42.8MiB;31.18GiB;21.4kB;5.34kB;0B;176kB;9;20:55:52
node;117.19%;0.33%;106.2MiB;31.18GiB;113MB;664MB;0B;4.1kB;23;20:55:52
gifted_nobel;0.00%;0.12%;37.41MiB;31.18GiB;21kB;0B;0B;0B;8;20:55:52
deno;0.00%;0.13%;42.8MiB;31.18GiB;21.4kB;5.34kB;0B;176kB;9;20:55:55
node;118.27%;0.29%;91.82MiB;31.18GiB;115MB;680MB;0B;4.1kB;23;20:55:55
gifted_nobel;0.00%;0.12%;37.41MiB;31.18GiB;21kB;0B;0B;0B;8;20:55:55
deno;0.00%;0.13%;42.8MiB;31.18GiB;21.4kB;5.34kB;0B;176kB;9;20:55:58
node;116.14%;0.32%;101.6MiB;31.18GiB;117MB;696MB;0B;4.1kB;23;20:55:58
gifted_nobel;0.00%;0.12%;37.41MiB;31.18GiB;21.1kB;0B;0B;0B;8;20:55:58
deno;0.00%;0.13%;42.8MiB;31.18GiB;21.4kB;5.34kB;0B;176kB;9;20:56:01
node;119.40%;0.29%;93.63MiB;31.18GiB;119MB;712MB;0B;4.1kB;23;20:56:01
gifted_nobel;0.00%;0.12%;37.41MiB;31.18GiB;21.1kB;0B;0B;0B;8;20:56:01
deno;0.00%;0.13%;42.8MiB;31.18GiB;21.4kB;5.34kB;0B;176kB;9;20:56:04
node;119.28%;0.31%;97.83MiB;31.18GiB;121MB;723MB;0B;4.1kB;23;20:56:04
gifted_nobel;0.00%;0.12%;37.41MiB;31.18GiB;21.1kB;0B;0B;0B;8;20:56:04
deno;0.00%;0.13%;42.8MiB;31.18GiB;21.4kB;5.34kB;0B;176kB;9;20:56:07
node;116.99%;0.28%;89.96MiB;31.18GiB;123MB;739MB;0B;4.1kB;23;20:56:07
gifted_nobel;0.00%;0.12%;37.41MiB;31.18GiB;21.1kB;0B;0B;0B;8;20:56:07
deno;0.00%;0.13%;42.8MiB;31.18GiB;21.4kB;5.34kB;0B;176kB;9;20:56:10
node;122.01%;0.29%;94.19MiB;31.18GiB;125MB;760MB;0B;4.1kB;23;20:56:10
gifted_nobel;0.00%;0.12%;37.41MiB;31.18GiB;21.1kB;0B;0B;0B;8;20:56:10
deno;0.00%;0.13%;42.8MiB;31.18GiB;21.4kB;5.34kB;0B;176kB;9;20:56:13
node;119.50%;0.32%;100.8MiB;31.18GiB;127MB;776MB;0B;4.1kB;23;20:56:13
gifted_nobel;0.01%;0.12%;37.41MiB;31.18GiB;21.1kB;0B;0B;0B;8;20:56:13
deno;0.00%;0.13%;42.8MiB;31.18GiB;21.4kB;5.34kB;0B;176kB;9;20:56:16
node;120.56%;0.29%;91.77MiB;31.18GiB;129MB;792MB;0B;4.1kB;23;20:56:16
gifted_nobel;0.01%;0.12%;37.41MiB;31.18GiB;21.1kB;0B;0B;0B;8;20:56:16
deno;0.00%;0.13%;42.8MiB;31.18GiB;21.4kB;5.34kB;0B;176kB;9;20:56:19
node;120.13%;0.30%;94.74MiB;31.18GiB;131MB;808MB;0B;4.1kB;23;20:56:19
gifted_nobel;0.00%;0.12%;37.41MiB;31.18GiB;21.1kB;0B;0B;0B;8;20:56:19
deno;0.00%;0.13%;42.8MiB;31.18GiB;21.6kB;5.34kB;0B;176kB;9;20:56:22
node;116.71%;0.29%;92.11MiB;31.18GiB;133MB;824MB;0B;4.1kB;23;20:56:22
gifted_nobel;0.00%;0.12%;37.41MiB;31.18GiB;21.1kB;0B;0B;0B;8;20:56:22
deno;0.00%;0.13%;42.8MiB;31.18GiB;21.6kB;5.34kB;0B;176kB;9;20:56:25
node;120.34%;0.28%;90.99MiB;31.18GiB;136MB;839MB;0B;4.1kB;23;20:56:25
gifted_nobel;0.00%;0.12%;37.41MiB;31.18GiB;21.2kB;0B;0B;0B;8;20:56:25
deno;0.00%;0.13%;42.8MiB;31.18GiB;21.6kB;5.34kB;0B;176kB;9;20:56:28
node;118.52%;0.32%;102.9MiB;31.18GiB;138MB;855MB;0B;4.1kB;23;20:56:28
gifted_nobel;0.00%;0.12%;37.41MiB;31.18GiB;21.2kB;0B;0B;0B;8;20:56:28
deno;0.00%;0.13%;42.8MiB;31.18GiB;21.6kB;5.34kB;0B;176kB;9;20:56:31
node;120.95%;0.29%;91.57MiB;31.18GiB;140MB;871MB;0B;4.1kB;23;20:56:31
gifted_nobel;0.00%;0.12%;37.41MiB;31.18GiB;21.2kB;0B;0B;0B;8;20:56:31
deno;0.00%;0.13%;42.8MiB;31.18GiB;21.6kB;5.34kB;0B;176kB;9;20:56:34
node;117.80%;0.32%;101.7MiB;31.18GiB;142MB;888MB;0B;4.1kB;23;20:56:34
gifted_nobel;0.00%;0.12%;37.41MiB;31.18GiB;21.2kB;0B;0B;0B;8;20:56:34
deno;0.00%;0.13%;42.8MiB;31.18GiB;21.6kB;5.34kB;0B;176kB;9;20:56:37
node;127.74%;0.31%;98.29MiB;31.18GiB;143MB;893MB;0B;4.1kB;23;20:56:37
gifted_nobel;0.00%;0.12%;37.41MiB;31.18GiB;21.2kB;0B;0B;0B;8;20:56:37
deno;0.00%;0.13%;42.8MiB;31.18GiB;21.6kB;5.34kB;0B;176kB;9;20:56:40
node;124.80%;0.32%;102.1MiB;31.18GiB;144MB;897MB;0B;4.1kB;23;20:56:40
gifted_nobel;0.00%;0.12%;37.41MiB;31.18GiB;21.2kB;0B;0B;0B;8;20:56:40
deno;0.00%;0.13%;42.8MiB;31.18GiB;21.6kB;5.34kB;0B;176kB;9;20:56:43
node;123.62%;0.32%;100.8MiB;31.18GiB;146MB;900MB;0B;4.1kB;23;20:56:43
gifted_nobel;0.00%;0.12%;37.41MiB;31.18GiB;21.2kB;0B;0B;0B;8;20:56:43
deno;0.00%;0.13%;42.8MiB;31.18GiB;21.6kB;5.34kB;0B;176kB;9;20:56:46
node;123.09%;0.31%;100.4MiB;31.18GiB;146MB;902MB;0B;4.1kB;23;20:56:46
gifted_nobel;0.01%;0.12%;37.41MiB;31.18GiB;21.2kB;0B;0B;0B;8;20:56:46
deno;0.00%;0.13%;42.8MiB;31.18GiB;21.6kB;5.34kB;0B;176kB;9;20:56:49
node;125.80%;0.32%;100.8MiB;31.18GiB;148MB;906MB;0B;4.1kB;23;20:56:49
gifted_nobel;0.01%;0.12%;37.41MiB;31.18GiB;21.2kB;0B;0B;0B;8;20:56:49
deno;0.00%;0.13%;42.8MiB;31.18GiB;21.6kB;5.34kB;0B;176kB;9;20:56:52
node;124.82%;0.32%;102.6MiB;31.18GiB;149MB;909MB;0B;4.1kB;23;20:56:52
gifted_nobel;0.00%;0.12%;37.41MiB;31.18GiB;21.2kB;0B;0B;0B;8;20:56:52
deno;0.00%;0.13%;42.8MiB;31.18GiB;21.6kB;5.34kB;0B;176kB;9;20:56:55
node;126.96%;0.32%;100.7MiB;31.18GiB;150MB;912MB;0B;4.1kB;23;20:56:55
gifted_nobel;0.00%;0.12%;37.41MiB;31.18GiB;21.2kB;0B;0B;0B;8;20:56:55
deno;0.00%;0.13%;42.8MiB;31.18GiB;21.6kB;5.34kB;0B;176kB;9;20:56:59
node;120.14%;0.32%;102.3MiB;31.18GiB;152MB;915MB;0B;4.1kB;23;20:56:59
gifted_nobel;0.00%;0.12%;37.41MiB;31.18GiB;21.2kB;0B;0B;0B;8;20:56:59
deno;0.00%;0.13%;42.8MiB;31.18GiB;21.6kB;5.34kB;0B;176kB;9;20:57:02
node;126.48%;0.32%;101.8MiB;31.18GiB;153MB;917MB;0B;4.1kB;23;20:57:02
gifted_nobel;0.00%;0.12%;37.41MiB;31.18GiB;21.2kB;0B;0B;0B;8;20:57:02
deno;0.00%;0.13%;42.8MiB;31.18GiB;21.6kB;5.34kB;0B;176kB;9;20:57:05
node;126.58%;0.34%;108.3MiB;31.18GiB;154MB;920MB;0B;4.1kB;23;20:57:05
gifted_nobel;0.00%;0.12%;37.41MiB;31.18GiB;21.2kB;0B;0B;0B;8;20:57:05
deno;0.00%;0.13%;42.8MiB;31.18GiB;21.6kB;5.34kB;0B;176kB;9;20:57:08
node;121.13%;0.32%;103.4MiB;31.18GiB;155MB;924MB;0B;4.1kB;23;20:57:08
gifted_nobel;0.00%;0.12%;37.41MiB;31.18GiB;21.2kB;0B;0B;0B;8;20:57:08
deno;0.00%;0.13%;42.8MiB;31.18GiB;21.6kB;5.34kB;0B;176kB;9;20:57:11
node;126.12%;0.32%;102.9MiB;31.18GiB;157MB;928MB;0B;4.1kB;23;20:57:11
gifted_nobel;0.00%;0.12%;37.41MiB;31.18GiB;21.2kB;0B;0B;0B;8;20:57:11
deno;0.00%;0.13%;42.8MiB;31.18GiB;21.6kB;5.34kB;0B;176kB;9;20:57:14
node;128.36%;0.32%;103.5MiB;31.18GiB;158MB;931MB;0B;4.1kB;23;20:57:14
gifted_nobel;0.00%;0.12%;37.41MiB;31.18GiB;21.2kB;0B;0B;0B;8;20:57:14
deno;0.00%;0.13%;42.8MiB;31.18GiB;21.6kB;5.34kB;0B;176kB;9;20:57:17
node;127.43%;0.33%;105.5MiB;31.18GiB;159MB;934MB;0B;4.1kB;23;20:57:17
gifted_nobel;0.00%;0.12%;37.41MiB;31.18GiB;21.2kB;0B;0B;0B;8;20:57:17
deno;0.00%;0.13%;42.8MiB;31.18GiB;21.6kB;5.34kB;0B;176kB;9;20:57:20
node;127.65%;0.32%;103.3MiB;31.18GiB;160MB;937MB;0B;4.1kB;23;20:57:20
gifted_nobel;0.00%;0.12%;37.41MiB;31.18GiB;21.2kB;0B;0B;0B;8;20:57:20
deno;0.00%;0.13%;42.8MiB;31.18GiB;21.6kB;5.34kB;0B;176kB;9;20:57:23
node;126.32%;0.33%;105.3MiB;31.18GiB;161MB;940MB;0B;4.1kB;23;20:57:23
gifted_nobel;0.00%;0.12%;37.41MiB;31.18GiB;21.2kB;0B;0B;0B;8;20:57:23
deno;0.00%;0.13%;42.8MiB;31.18GiB;21.6kB;5.34kB;0B;176kB;9;20:57:26
node;127.88%;0.33%;104.6MiB;31.18GiB;163MB;943MB;0B;4.1kB;23;20:57:26
gifted_nobel;0.00%;0.12%;37.41MiB;31.18GiB;21.3kB;0B;0B;0B;8;20:57:26
deno;0.00%;0.13%;42.8MiB;31.18GiB;21.6kB;5.34kB;0B;176kB;9;20:57:29
node;129.74%;0.33%;104MiB;31.18GiB;164MB;946MB;0B;4.1kB;23;20:57:29
gifted_nobel;0.00%;0.12%;37.41MiB;31.18GiB;21.3kB;0B;0B;0B;8;20:57:29
deno;0.00%;0.13%;42.8MiB;31.18GiB;21.6kB;5.34kB;0B;176kB;9;20:57:32
node;128.54%;0.33%;103.8MiB;31.18GiB;165MB;949MB;0B;4.1kB;23;20:57:32
gifted_nobel;0.00%;0.12%;37.41MiB;31.18GiB;21.3kB;0B;0B;0B;8;20:57:32
deno;0.00%;0.13%;42.8MiB;31.18GiB;21.6kB;5.34kB;0B;176kB;9;20:57:35
node;129.56%;0.32%;103.3MiB;31.18GiB;166MB;951MB;0B;4.1kB;23;20:57:35
gifted_nobel;0.00%;0.12%;37.41MiB;31.18GiB;21.3kB;0B;0B;0B;8;20:57:35
deno;0.00%;0.13%;42.8MiB;31.18GiB;21.6kB;5.34kB;0B;176kB;9;20:57:38
node;122.96%;0.33%;104MiB;31.18GiB;168MB;955MB;0B;4.1kB;23;20:57:38
gifted_nobel;0.00%;0.12%;37.41MiB;31.18GiB;21.3kB;0B;0B;0B;8;20:57:38
deno;0.00%;0.13%;42.8MiB;31.18GiB;21.6kB;5.34kB;0B;176kB;9;20:57:41
node;123.62%;0.34%;107.3MiB;31.18GiB;169MB;958MB;0B;4.1kB;23;20:57:41
gifted_nobel;0.00%;0.12%;37.41MiB;31.18GiB;21.3kB;0B;0B;0B;8;20:57:41
deno;0.01%;0.13%;42.8MiB;31.18GiB;22.2kB;5.34kB;0B;176kB;9;20:57:44
node;121.89%;0.34%;108.6MiB;31.18GiB;170MB;961MB;0B;4.1kB;23;20:57:44
gifted_nobel;0.00%;0.12%;37.41MiB;31.18GiB;21.7kB;0B;0B;0B;8;20:57:44
deno;0.00%;0.13%;42.8MiB;31.18GiB;22.4kB;5.34kB;0B;176kB;9;20:57:47
node;121.45%;0.33%;106.6MiB;31.18GiB;171MB;964MB;0B;4.1kB;23;20:57:47
gifted_nobel;0.00%;0.12%;37.41MiB;31.18GiB;22.1kB;0B;0B;0B;8;20:57:47
deno;0.00%;0.13%;42.8MiB;31.18GiB;22.4kB;5.34kB;0B;176kB;9;20:57:50
node;122.37%;0.33%;106.5MiB;31.18GiB;172MB;967MB;0B;4.1kB;23;20:57:50
gifted_nobel;0.00%;0.12%;37.41MiB;31.18GiB;22.1kB;0B;0B;0B;8;20:57:50
deno;0.00%;0.13%;42.8MiB;31.18GiB;22.4kB;5.34kB;0B;176kB;9;20:57:53
node;123.02%;0.33%;105.3MiB;31.18GiB;174MB;970MB;0B;4.1kB;23;20:57:53
gifted_nobel;0.00%;0.12%;37.41MiB;31.18GiB;22.1kB;0B;0B;0B;8;20:57:53
deno;0.00%;0.13%;42.8MiB;31.18GiB;22.4kB;5.34kB;0B;176kB;9;20:57:56
node;119.89%;0.33%;105.8MiB;31.18GiB;175MB;974MB;0B;4.1kB;23;20:57:56
gifted_nobel;0.00%;0.12%;37.41MiB;31.18GiB;22.1kB;0B;0B;0B;8;20:57:56
deno;0.00%;0.13%;42.8MiB;31.18GiB;22.4kB;5.34kB;0B;176kB;9;20:57:59
node;124.74%;0.33%;106.7MiB;31.18GiB;176MB;976MB;0B;4.1kB;23;20:57:59
gifted_nobel;0.00%;0.12%;37.41MiB;31.18GiB;22.1kB;0B;0B;0B;8;20:57:59
deno;0.00%;0.13%;42.8MiB;31.18GiB;22.4kB;5.34kB;0B;176kB;9;20:58:02
node;123.52%;0.34%;107.5MiB;31.18GiB;177MB;980MB;0B;4.1kB;23;20:58:02
gifted_nobel;0.00%;0.12%;37.41MiB;31.18GiB;22.1kB;0B;0B;0B;8;20:58:02
deno;0.00%;0.13%;42.8MiB;31.18GiB;22.4kB;5.34kB;0B;176kB;9;20:58:05
node;125.00%;0.34%;107.3MiB;31.18GiB;178MB;983MB;0B;4.1kB;23;20:58:05
gifted_nobel;0.00%;0.12%;37.41MiB;31.18GiB;22.1kB;0B;0B;0B;8;20:58:05
deno;0.00%;0.13%;42.8MiB;31.18GiB;22.4kB;5.34kB;0B;176kB;9;20:58:08
node;124.62%;0.34%;107.6MiB;31.18GiB;180MB;986MB;0B;4.1kB;23;20:58:08
gifted_nobel;0.00%;0.12%;37.41MiB;31.18GiB;22.1kB;0B;0B;0B;8;20:58:08
deno;0.00%;0.13%;42.8MiB;31.18GiB;22.4kB;5.34kB;0B;176kB;9;20:58:11
node;124.16%;0.34%;109.4MiB;31.18GiB;181MB;989MB;0B;4.1kB;23;20:58:11
gifted_nobel;0.00%;0.12%;37.41MiB;31.18GiB;22.1kB;0B;0B;0B;8;20:58:11
deno;0.00%;0.13%;42.8MiB;31.18GiB;22.4kB;5.34kB;0B;176kB;9;20:58:14
node;124.49%;0.34%;109MiB;31.18GiB;182MB;992MB;0B;4.1kB;23;20:58:14
gifted_nobel;0.00%;0.12%;37.41MiB;31.18GiB;22.1kB;0B;0B;0B;8;20:58:14
deno;0.00%;0.13%;42.8MiB;31.18GiB;22.4kB;5.34kB;0B;176kB;9;20:58:17
node;124.18%;0.34%;108.8MiB;31.18GiB;183MB;995MB;0B;4.1kB;23;20:58:17
gifted_nobel;0.01%;0.12%;37.41MiB;31.18GiB;22.1kB;0B;0B;0B;8;20:58:17
deno;0.00%;0.13%;42.8MiB;31.18GiB;22.4kB;5.34kB;0B;176kB;9;20:58:20
node;124.16%;0.34%;108MiB;31.18GiB;185MB;998MB;0B;4.1kB;23;20:58:20
gifted_nobel;0.00%;0.12%;37.41MiB;31.18GiB;22.1kB;0B;0B;0B;8;20:58:20
deno;0.00%;0.13%;42.8MiB;31.18GiB;22.4kB;5.34kB;0B;176kB;9;20:58:23
node;124.18%;0.34%;110.1MiB;31.18GiB;186MB;1GB;0B;4.1kB;23;20:58:23
gifted_nobel;0.00%;0.12%;37.41MiB;31.18GiB;22.1kB;0B;0B;0B;8;20:58:23
deno;0.00%;0.13%;42.8MiB;31.18GiB;22.4kB;5.34kB;0B;176kB;9;20:58:26
node;124.13%;0.36%;113.7MiB;31.18GiB;187MB;1GB;0B;4.1kB;23;20:58:26
gifted_nobel;0.00%;0.12%;37.41MiB;31.18GiB;22.1kB;0B;0B;0B;8;20:58:26
deno;0.00%;0.13%;42.8MiB;31.18GiB;22.4kB;5.34kB;0B;176kB;9;20:58:29
node;123.51%;0.34%;108.9MiB;31.18GiB;188MB;1.01GB;0B;4.1kB;23;20:58:29
gifted_nobel;0.00%;0.12%;37.41MiB;31.18GiB;22.1kB;0B;0B;0B;8;20:58:29
deno;0.00%;0.13%;42.8MiB;31.18GiB;22.4kB;5.34kB;0B;176kB;9;20:58:32
node;125.49%;0.34%;109.2MiB;31.18GiB;190MB;1.01GB;0B;4.1kB;23;20:58:32
gifted_nobel;0.00%;0.12%;37.41MiB;31.18GiB;22.1kB;0B;0B;0B;8;20:58:32
deno;0.00%;0.13%;42.8MiB;31.18GiB;22.5kB;5.34kB;0B;176kB;9;20:58:35
node;84.04%;0.35%;110.8MiB;31.18GiB;191MB;1.01GB;0B;4.1kB;23;20:58:35
gifted_nobel;0.00%;0.12%;37.41MiB;31.18GiB;22.1kB;0B;0B;0B;8;20:58:35
deno;0.00%;0.13%;42.8MiB;31.18GiB;22.5kB;5.34kB;0B;176kB;9;20:58:38
node;0.00%;0.35%;110.8MiB;31.18GiB;191MB;1.01GB;0B;4.1kB;23;20:58:38
gifted_nobel;108.93%;0.22%;69.1MiB;31.18GiB;4.56MB;9.72MB;0B;0B;19;20:58:38
deno;0.00%;0.13%;42.8MiB;31.18GiB;22.5kB;5.34kB;0B;176kB;9;20:58:41
node;0.00%;0.35%;110.8MiB;31.18GiB;191MB;1.01GB;0B;4.1kB;23;20:58:41
gifted_nobel;106.46%;0.28%;88.3MiB;31.18GiB;13.2MB;28.4MB;0B;0B;19;20:58:41
deno;0.00%;0.13%;42.8MiB;31.18GiB;22.5kB;5.34kB;0B;176kB;9;20:58:45
node;2.79%;0.16%;51.7MiB;31.18GiB;191MB;1.01GB;0B;4.1kB;23;20:58:45
gifted_nobel;106.67%;0.27%;87.6MiB;31.18GiB;19.8MB;42.4MB;0B;0B;19;20:58:45
deno;0.00%;0.13%;42.8MiB;31.18GiB;22.5kB;5.34kB;0B;176kB;9;20:58:48
node;0.00%;0.14%;45.99MiB;31.18GiB;191MB;1.01GB;0B;4.1kB;23;20:58:48
gifted_nobel;106.96%;0.27%;85.08MiB;31.18GiB;24.2MB;52MB;0B;0B;18;20:58:48
deno;0.00%;0.13%;42.8MiB;31.18GiB;22.5kB;5.34kB;0B;176kB;9;20:58:51
node;0.00%;0.14%;45.99MiB;31.18GiB;191MB;1.01GB;0B;4.1kB;23;20:58:51
gifted_nobel;107.10%;0.23%;72.44MiB;31.18GiB;33.1MB;71.3MB;0B;0B;16;20:58:51
deno;0.00%;0.13%;42.8MiB;31.18GiB;22.5kB;5.34kB;0B;176kB;9;20:58:54
node;0.00%;0.14%;45.99MiB;31.18GiB;191MB;1.01GB;0B;4.1kB;23;20:58:54
gifted_nobel;107.12%;0.21%;66.43MiB;31.18GiB;37.7MB;81.2MB;0B;0B;16;20:58:54
deno;0.00%;0.13%;42.8MiB;31.18GiB;22.5kB;5.34kB;0B;176kB;9;20:58:57
node;0.00%;0.14%;45.99MiB;31.18GiB;191MB;1.01GB;0B;4.1kB;23;20:58:57
gifted_nobel;108.50%;0.25%;79.37MiB;31.18GiB;44.6MB;95.9MB;0B;0B;16;20:58:57
deno;0.00%;0.13%;42.8MiB;31.18GiB;22.5kB;5.34kB;0B;176kB;9;20:59:00
node;0.00%;0.14%;45.99MiB;31.18GiB;191MB;1.01GB;0B;4.1kB;23;20:59:00
gifted_nobel;106.79%;0.23%;74.46MiB;31.18GiB;51.6MB;111MB;0B;0B;16;20:59:00
deno;0.00%;0.13%;42.8MiB;31.18GiB;22.5kB;5.34kB;0B;176kB;9;20:59:03
node;0.00%;0.14%;45.99MiB;31.18GiB;191MB;1.01GB;0B;4.1kB;23;20:59:03
gifted_nobel;107.59%;0.24%;75.63MiB;31.18GiB;58.3MB;126MB;0B;0B;16;20:59:03
deno;0.00%;0.13%;42.8MiB;31.18GiB;22.5kB;5.34kB;0B;176kB;9;20:59:06
node;0.00%;0.14%;45.99MiB;31.18GiB;191MB;1.01GB;0B;4.1kB;23;20:59:06
gifted_nobel;107.01%;0.22%;69.62MiB;31.18GiB;67.3MB;145MB;0B;0B;16;20:59:06
deno;0.00%;0.13%;42.8MiB;31.18GiB;22.5kB;5.34kB;0B;176kB;9;20:59:09
node;0.00%;0.14%;45.99MiB;31.18GiB;191MB;1.01GB;0B;4.1kB;23;20:59:09
gifted_nobel;107.45%;0.24%;76.71MiB;31.18GiB;73.5MB;158MB;0B;0B;16;20:59:09
deno;0.00%;0.13%;42.8MiB;31.18GiB;22.5kB;5.34kB;0B;176kB;9;20:59:12
node;0.00%;0.14%;45.99MiB;31.18GiB;191MB;1.01GB;0B;4.1kB;23;20:59:12
gifted_nobel;106.29%;0.23%;73.31MiB;31.18GiB;79.9MB;172MB;0B;0B;16;20:59:12
deno;0.00%;0.13%;42.8MiB;31.18GiB;22.5kB;5.34kB;0B;176kB;9;20:59:15
node;0.00%;0.14%;45.99MiB;31.18GiB;191MB;1.01GB;0B;4.1kB;23;20:59:15
gifted_nobel;107.07%;0.22%;70MiB;31.18GiB;84.4MB;182MB;0B;0B;16;20:59:15
deno;0.00%;0.13%;42.8MiB;31.18GiB;22.5kB;5.34kB;0B;176kB;9;20:59:18
node;0.00%;0.14%;45.99MiB;31.18GiB;191MB;1.01GB;0B;4.1kB;23;20:59:18
gifted_nobel;107.84%;0.23%;73.99MiB;31.18GiB;93.3MB;201MB;0B;0B;16;20:59:18
deno;0.00%;0.13%;42.8MiB;31.18GiB;22.5kB;5.34kB;0B;176kB;9;20:59:21
node;0.00%;0.14%;45.99MiB;31.18GiB;191MB;1.01GB;0B;4.1kB;23;20:59:21
gifted_nobel;106.48%;0.22%;71.64MiB;31.18GiB;97.9MB;211MB;0B;0B;16;20:59:21
deno;0.00%;0.13%;42.8MiB;31.18GiB;22.5kB;5.34kB;0B;176kB;9;20:59:24
node;0.00%;0.14%;45.99MiB;31.18GiB;191MB;1.01GB;0B;4.1kB;23;20:59:24
gifted_nobel;107.72%;0.24%;76.86MiB;31.18GiB;105MB;225MB;0B;0B;16;20:59:24
deno;0.00%;0.13%;42.8MiB;31.18GiB;22.5kB;5.34kB;0B;176kB;9;20:59:27
node;0.00%;0.14%;45.99MiB;31.18GiB;191MB;1.01GB;0B;4.1kB;23;20:59:27
gifted_nobel;107.02%;0.22%;69.36MiB;31.18GiB;114MB;245MB;0B;0B;16;20:59:27
deno;0.00%;0.13%;42.8MiB;31.18GiB;22.5kB;5.34kB;0B;176kB;9;20:59:30
node;0.00%;0.14%;45.99MiB;31.18GiB;191MB;1.01GB;0B;4.1kB;23;20:59:30
gifted_nobel;108.81%;0.24%;76.75MiB;31.18GiB;118MB;255MB;0B;0B;16;20:59:30
deno;0.00%;0.13%;42.8MiB;31.18GiB;22.5kB;5.34kB;0B;176kB;9;20:59:33
node;0.00%;0.14%;45.99MiB;31.18GiB;191MB;1.01GB;0B;4.1kB;23;20:59:33
gifted_nobel;108.70%;0.23%;72.75MiB;31.18GiB;125MB;269MB;0B;0B;16;20:59:33
deno;0.00%;0.13%;42.8MiB;31.18GiB;22.5kB;5.34kB;0B;176kB;9;20:59:36
node;0.00%;0.14%;45.99MiB;31.18GiB;191MB;1.01GB;0B;4.1kB;23;20:59:36
gifted_nobel;109.09%;0.24%;77.34MiB;31.18GiB;134MB;288MB;0B;0B;16;20:59:36
deno;0.00%;0.13%;42.8MiB;31.18GiB;22.5kB;5.34kB;0B;176kB;9;20:59:39
node;0.00%;0.14%;45.99MiB;31.18GiB;191MB;1.01GB;0B;4.1kB;23;20:59:39
gifted_nobel;105.99%;0.23%;74.06MiB;31.18GiB;138MB;297MB;0B;0B;16;20:59:39
deno;0.00%;0.13%;42.8MiB;31.18GiB;23kB;5.34kB;0B;176kB;9;20:59:42
node;0.00%;0.14%;45.99MiB;31.18GiB;191MB;1.01GB;0B;4.1kB;23;20:59:42
gifted_nobel;107.26%;0.22%;71.21MiB;31.18GiB;145MB;312MB;0B;0B;16;20:59:42
deno;0.00%;0.13%;42.8MiB;31.18GiB;23.4kB;5.34kB;0B;176kB;9;20:59:45
node;0.00%;0.14%;45.99MiB;31.18GiB;191MB;1.01GB;0B;4.1kB;23;20:59:45
gifted_nobel;106.08%;0.23%;72.87MiB;31.18GiB;154MB;331MB;0B;0B;16;20:59:45
deno;0.00%;0.13%;42.8MiB;31.18GiB;23.5kB;5.34kB;0B;176kB;9;20:59:48
node;0.00%;0.14%;45.99MiB;31.18GiB;191MB;1.01GB;0B;4.1kB;23;20:59:48
gifted_nobel;107.08%;0.21%;68.32MiB;31.18GiB;158MB;341MB;0B;0B;16;20:59:48
deno;0.00%;0.13%;42.8MiB;31.18GiB;23.5kB;5.34kB;0B;176kB;9;20:59:51
node;0.00%;0.14%;45.99MiB;31.18GiB;191MB;1.01GB;0B;4.1kB;23;20:59:51
gifted_nobel;106.65%;0.24%;75.65MiB;31.18GiB;167MB;361MB;0B;0B;16;20:59:51
deno;0.00%;0.13%;42.8MiB;31.18GiB;23.5kB;5.34kB;0B;176kB;9;20:59:54
node;0.00%;0.14%;45.99MiB;31.18GiB;191MB;1.01GB;0B;4.1kB;23;20:59:54
gifted_nobel;106.08%;0.22%;69.99MiB;31.18GiB;174MB;375MB;0B;0B;16;20:59:54
deno;0.00%;0.13%;42.8MiB;31.18GiB;23.5kB;5.34kB;0B;176kB;9;20:59:57
node;0.00%;0.14%;45.99MiB;31.18GiB;191MB;1.01GB;0B;4.1kB;23;20:59:57
gifted_nobel;107.84%;0.23%;74.94MiB;31.18GiB;181MB;389MB;0B;0B;16;20:59:57
deno;0.00%;0.13%;42.8MiB;31.18GiB;23.6kB;5.34kB;0B;176kB;9;21:00:00
node;0.00%;0.14%;45.99MiB;31.18GiB;191MB;1.01GB;0B;4.1kB;23;21:00:00
gifted_nobel;107.49%;0.22%;69.62MiB;31.18GiB;187MB;403MB;0B;0B;16;21:00:00
deno;0.00%;0.13%;42.8MiB;31.18GiB;23.6kB;5.34kB;0B;176kB;9;21:00:04
node;0.00%;0.14%;45.99MiB;31.18GiB;191MB;1.01GB;0B;4.1kB;23;21:00:04
gifted_nobel;106.22%;0.23%;74.55MiB;31.18GiB;192MB;413MB;0B;0B;16;21:00:04
deno;0.00%;0.13%;42.8MiB;31.18GiB;23.6kB;5.34kB;0B;176kB;9;21:00:07
node;0.00%;0.14%;45.99MiB;31.18GiB;191MB;1.01GB;0B;4.1kB;23;21:00:07
gifted_nobel;106.21%;0.22%;71.77MiB;31.18GiB;200MB;432MB;0B;0B;16;21:00:07
deno;0.00%;0.13%;42.8MiB;31.18GiB;23.6kB;5.34kB;0B;176kB;9;21:00:10
node;0.00%;0.14%;45.99MiB;31.18GiB;191MB;1.01GB;0B;4.1kB;23;21:00:10
gifted_nobel;107.19%;0.22%;71.67MiB;31.18GiB;205MB;441MB;0B;0B;16;21:00:10
deno;0.00%;0.13%;42.8MiB;31.18GiB;23.6kB;5.34kB;0B;176kB;9;21:00:13
node;0.00%;0.14%;45.99MiB;31.18GiB;191MB;1.01GB;0B;4.1kB;23;21:00:13
gifted_nobel;107.16%;0.23%;72.89MiB;31.18GiB;214MB;461MB;0B;0B;16;21:00:13
deno;0.00%;0.13%;42.8MiB;31.18GiB;23.6kB;5.34kB;0B;176kB;9;21:00:16
node;0.00%;0.14%;45.99MiB;31.18GiB;191MB;1.01GB;0B;4.1kB;23;21:00:16
gifted_nobel;107.05%;0.22%;69.96MiB;31.18GiB;219MB;472MB;0B;0B;16;21:00:16
deno;0.00%;0.13%;42.8MiB;31.18GiB;23.6kB;5.34kB;0B;176kB;9;21:00:19
node;0.00%;0.14%;45.99MiB;31.18GiB;191MB;1.01GB;0B;4.1kB;23;21:00:19
gifted_nobel;106.54%;0.23%;74.09MiB;31.18GiB;228MB;491MB;0B;0B;16;21:00:19
deno;0.00%;0.13%;42.8MiB;31.18GiB;23.6kB;5.34kB;0B;176kB;9;21:00:22
node;0.00%;0.14%;45.99MiB;31.18GiB;191MB;1.01GB;0B;4.1kB;23;21:00:22
gifted_nobel;108.67%;0.22%;71.49MiB;31.18GiB;235MB;506MB;0B;0B;16;21:00:22
deno;0.00%;0.13%;42.8MiB;31.18GiB;23.6kB;5.34kB;0B;176kB;9;21:00:25
node;0.00%;0.14%;45.99MiB;31.18GiB;191MB;1.01GB;0B;4.1kB;23;21:00:25
gifted_nobel;106.27%;0.24%;75.77MiB;31.18GiB;241MB;520MB;0B;0B;16;21:00:25
deno;0.00%;0.13%;42.8MiB;31.18GiB;23.6kB;5.34kB;0B;176kB;9;21:00:28
node;0.00%;0.14%;45.99MiB;31.18GiB;191MB;1.01GB;0B;4.1kB;23;21:00:28
gifted_nobel;107.60%;0.22%;70.66MiB;31.18GiB;246MB;530MB;0B;0B;16;21:00:28
deno;0.00%;0.13%;42.8MiB;31.18GiB;23.6kB;5.34kB;0B;176kB;9;21:00:31
node;0.00%;0.14%;45.99MiB;31.18GiB;191MB;1.01GB;0B;4.1kB;23;21:00:31
gifted_nobel;107.60%;0.24%;76.59MiB;31.18GiB;253MB;544MB;0B;0B;16;21:00:31
deno;0.00%;0.13%;42.8MiB;31.18GiB;23.6kB;5.34kB;0B;176kB;9;21:00:34
node;0.00%;0.14%;45.99MiB;31.18GiB;191MB;1.01GB;0B;4.1kB;23;21:00:34
gifted_nobel;106.17%;0.23%;72.77MiB;31.18GiB;259MB;558MB;0B;0B;16;21:00:34
deno;0.00%;0.13%;42.8MiB;31.18GiB;23.6kB;5.34kB;0B;176kB;9;21:00:37
node;0.00%;0.14%;45.99MiB;31.18GiB;191MB;1.01GB;0B;4.1kB;23;21:00:37
gifted_nobel;107.62%;0.24%;75.16MiB;31.18GiB;268MB;605MB;0B;0B;19;21:00:37
deno;0.00%;0.13%;42.8MiB;31.18GiB;23.6kB;5.34kB;0B;176kB;9;21:00:40
node;0.00%;0.14%;45.99MiB;31.18GiB;191MB;1.01GB;0B;4.1kB;23;21:00:40
gifted_nobel;107.47%;0.22%;70.61MiB;31.18GiB;272MB;648MB;0B;0B;19;21:00:40
deno;0.00%;0.13%;42.8MiB;31.18GiB;23.6kB;5.34kB;0B;176kB;9;21:00:43
node;0.00%;0.14%;45.99MiB;31.18GiB;191MB;1.01GB;0B;4.1kB;23;21:00:43
gifted_nobel;106.56%;0.20%;64.75MiB;31.18GiB;278MB;717MB;0B;0B;19;21:00:43
deno;0.00%;0.13%;42.8MiB;31.18GiB;23.6kB;5.34kB;0B;176kB;9;21:00:46
node;0.00%;0.14%;45.99MiB;31.18GiB;191MB;1.01GB;0B;4.1kB;23;21:00:46
gifted_nobel;106.78%;0.20%;65.05MiB;31.18GiB;284MB;785MB;0B;0B;19;21:00:46
deno;0.00%;0.13%;42.8MiB;31.18GiB;23.6kB;5.34kB;0B;176kB;9;21:00:49
node;0.00%;0.14%;45.99MiB;31.18GiB;191MB;1.01GB;0B;4.1kB;23;21:00:49
gifted_nobel;105.54%;0.19%;61.71MiB;31.18GiB;290MB;855MB;0B;0B;16;21:00:49
deno;0.00%;0.13%;42.8MiB;31.18GiB;23.6kB;5.34kB;0B;176kB;9;21:00:52
node;0.00%;0.14%;45.99MiB;31.18GiB;191MB;1.01GB;0B;4.1kB;23;21:00:52
gifted_nobel;104.94%;0.19%;62.09MiB;31.18GiB;298MB;944MB;0B;0B;16;21:00:52
deno;0.00%;0.13%;42.8MiB;31.18GiB;23.6kB;5.34kB;0B;176kB;9;21:00:55
node;0.00%;0.14%;45.99MiB;31.18GiB;191MB;1.01GB;0B;4.1kB;23;21:00:55
gifted_nobel;107.89%;0.20%;63.07MiB;31.18GiB;302MB;990MB;0B;0B;16;21:00:55
deno;0.00%;0.13%;42.8MiB;31.18GiB;23.6kB;5.34kB;0B;176kB;9;21:00:58
node;0.00%;0.14%;45.99MiB;31.18GiB;191MB;1.01GB;0B;4.1kB;23;21:00:58
gifted_nobel;107.00%;0.20%;62.62MiB;31.18GiB;310MB;1.08GB;0B;0B;16;21:00:58
deno;0.00%;0.13%;42.8MiB;31.18GiB;23.6kB;5.34kB;0B;176kB;9;21:01:01
node;0.00%;0.14%;45.99MiB;31.18GiB;191MB;1.01GB;0B;4.1kB;23;21:01:01
gifted_nobel;106.84%;0.20%;63.19MiB;31.18GiB;314MB;1.12GB;0B;0B;16;21:01:01
deno;0.00%;0.13%;42.8MiB;31.18GiB;23.6kB;5.34kB;0B;176kB;9;21:01:04
node;0.00%;0.14%;45.99MiB;31.18GiB;191MB;1.01GB;0B;4.1kB;23;21:01:04
gifted_nobel;107.27%;0.20%;63.17MiB;31.18GiB;322MB;1.21GB;0B;0B;16;21:01:04
deno;0.00%;0.13%;42.8MiB;31.18GiB;23.6kB;5.34kB;0B;176kB;9;21:01:07
node;0.00%;0.14%;45.99MiB;31.18GiB;191MB;1.01GB;0B;4.1kB;23;21:01:07
gifted_nobel;106.11%;0.20%;63.29MiB;31.18GiB;326MB;1.26GB;0B;0B;16;21:01:07
deno;0.00%;0.13%;42.8MiB;31.18GiB;23.6kB;5.34kB;0B;176kB;9;21:01:10
node;0.00%;0.14%;45.99MiB;31.18GiB;191MB;1.01GB;0B;4.1kB;23;21:01:10
gifted_nobel;106.83%;0.20%;62.39MiB;31.18GiB;331MB;1.32GB;0B;0B;16;21:01:10
deno;0.00%;0.13%;42.8MiB;31.18GiB;23.6kB;5.34kB;0B;176kB;9;21:01:13
node;0.00%;0.14%;45.99MiB;31.18GiB;191MB;1.01GB;0B;4.1kB;23;21:01:13
gifted_nobel;104.00%;0.20%;63.05MiB;31.18GiB;339MB;1.41GB;0B;0B;16;21:01:13
deno;0.00%;0.13%;42.8MiB;31.18GiB;23.6kB;5.34kB;0B;176kB;9;21:01:16
node;0.00%;0.14%;45.99MiB;31.18GiB;191MB;1.01GB;0B;4.1kB;23;21:01:16
gifted_nobel;106.59%;0.20%;63MiB;31.18GiB;344MB;1.45GB;0B;0B;16;21:01:16
deno;0.00%;0.13%;42.8MiB;31.18GiB;23.6kB;5.34kB;0B;176kB;9;21:01:19
node;0.00%;0.14%;45.99MiB;31.18GiB;191MB;1.01GB;0B;4.1kB;23;21:01:19
gifted_nobel;107.02%;0.19%;61.93MiB;31.18GiB;349MB;1.52GB;0B;0B;16;21:01:19
deno;0.00%;0.13%;42.8MiB;31.18GiB;23.6kB;5.34kB;0B;176kB;9;21:01:22
node;0.00%;0.14%;45.99MiB;31.18GiB;191MB;1.01GB;0B;4.1kB;23;21:01:22
gifted_nobel;108.13%;0.20%;62.81MiB;31.18GiB;355MB;1.58GB;0B;0B;16;21:01:22
deno;0.00%;0.13%;42.8MiB;31.18GiB;23.6kB;5.34kB;0B;176kB;9;21:01:25
node;0.00%;0.14%;45.99MiB;31.18GiB;191MB;1.01GB;0B;4.1kB;23;21:01:25
gifted_nobel;106.41%;0.19%;61.88MiB;31.18GiB;363MB;1.67GB;0B;0B;16;21:01:25
deno;0.00%;0.13%;42.8MiB;31.18GiB;23.6kB;5.34kB;0B;176kB;9;21:01:28
node;0.00%;0.14%;45.99MiB;31.18GiB;191MB;1.01GB;0B;4.1kB;23;21:01:28
gifted_nobel;104.96%;0.19%;61.44MiB;31.18GiB;367MB;1.72GB;0B;0B;16;21:01:28
deno;0.00%;0.13%;42.8MiB;31.18GiB;23.6kB;5.34kB;0B;176kB;9;21:01:31
node;0.00%;0.14%;45.99MiB;31.18GiB;191MB;1.01GB;0B;4.1kB;23;21:01:31
gifted_nobel;107.47%;0.20%;63.16MiB;31.18GiB;373MB;1.78GB;0B;0B;16;21:01:31
deno;0.00%;0.13%;42.8MiB;31.18GiB;23.6kB;5.34kB;0B;176kB;9;21:01:34
node;0.00%;0.14%;45.99MiB;31.18GiB;191MB;1.01GB;0B;4.1kB;23;21:01:34
gifted_nobel;108.06%;0.20%;63.2MiB;31.18GiB;382MB;1.88GB;0B;0B;16;21:01:34
deno;0.00%;0.13%;42.8MiB;31.18GiB;23.6kB;5.34kB;0B;176kB;9;21:01:37
node;0.00%;0.14%;45.99MiB;31.18GiB;191MB;1.01GB;0B;4.1kB;23;21:01:37
gifted_nobel;107.45%;0.20%;63.64MiB;31.18GiB;386MB;1.92GB;0B;0B;16;21:01:37
deno;0.00%;0.13%;42.8MiB;31.18GiB;23.6kB;5.34kB;0B;176kB;9;21:01:40
node;0.00%;0.14%;45.99MiB;31.18GiB;191MB;1.01GB;0B;4.1kB;23;21:01:40
gifted_nobel;106.95%;0.19%;62.23MiB;31.18GiB;392MB;1.99GB;0B;0B;16;21:01:40
deno;0.00%;0.13%;42.8MiB;31.18GiB;24.3kB;5.34kB;0B;176kB;9;21:01:43
node;0.00%;0.14%;45.99MiB;31.18GiB;191MB;1.01GB;0B;4.1kB;23;21:01:43
gifted_nobel;106.00%;0.19%;62.2MiB;31.18GiB;398MB;2.06GB;0B;0B;16;21:01:43
deno;0.00%;0.13%;42.8MiB;31.18GiB;24.5kB;5.34kB;0B;176kB;9;21:01:46
node;0.00%;0.14%;45.99MiB;31.18GiB;191MB;1.01GB;0B;4.1kB;23;21:01:46
gifted_nobel;108.60%;0.20%;63.11MiB;31.18GiB;404MB;2.13GB;0B;0B;16;21:01:46
deno;0.00%;0.13%;42.8MiB;31.18GiB;24.5kB;5.34kB;0B;176kB;9;21:01:49
node;0.00%;0.14%;45.99MiB;31.18GiB;191MB;1.01GB;0B;4.1kB;23;21:01:49
gifted_nobel;106.44%;0.19%;62.09MiB;31.18GiB;410MB;2.19GB;0B;0B;16;21:01:49
deno;0.00%;0.13%;42.8MiB;31.18GiB;24.5kB;5.34kB;0B;176kB;9;21:01:52
node;0.00%;0.14%;45.99MiB;31.18GiB;191MB;1.01GB;0B;4.1kB;23;21:01:52
gifted_nobel;107.05%;0.20%;63.15MiB;31.18GiB;416MB;2.26GB;0B;0B;16;21:01:52
deno;0.00%;0.13%;42.8MiB;31.18GiB;24.5kB;5.34kB;0B;176kB;9;21:01:55
node;0.00%;0.14%;45.99MiB;31.18GiB;191MB;1.01GB;0B;4.1kB;23;21:01:55
gifted_nobel;106.76%;0.19%;61.94MiB;31.18GiB;422MB;2.33GB;0B;0B;16;21:01:55
deno;0.00%;0.13%;42.8MiB;31.18GiB;24.5kB;5.34kB;0B;176kB;9;21:01:59
node;0.00%;0.14%;45.99MiB;31.18GiB;191MB;1.01GB;0B;4.1kB;23;21:01:59
gifted_nobel;106.23%;0.20%;62.48MiB;31.18GiB;430MB;2.42GB;0B;0B;16;21:01:59
deno;0.00%;0.13%;42.8MiB;31.18GiB;24.5kB;5.34kB;0B;176kB;9;21:02:02
node;0.00%;0.14%;45.99MiB;31.18GiB;191MB;1.01GB;0B;4.1kB;23;21:02:02
gifted_nobel;106.21%;0.19%;61.93MiB;31.18GiB;436MB;2.49GB;0B;0B;16;21:02:02
deno;0.00%;0.13%;42.8MiB;31.18GiB;24.5kB;5.34kB;0B;176kB;9;21:02:04
node;0.00%;0.14%;45.99MiB;31.18GiB;191MB;1.01GB;0B;4.1kB;23;21:02:04
gifted_nobel;105.59%;0.19%;61.55MiB;31.18GiB;440MB;2.54GB;0B;0B;16;21:02:04
deno;0.00%;0.13%;42.8MiB;31.18GiB;24.5kB;5.34kB;0B;176kB;9;21:02:07
node;0.00%;0.14%;45.99MiB;31.18GiB;191MB;1.01GB;0B;4.1kB;23;21:02:07
gifted_nobel;106.62%;0.20%;63.16MiB;31.18GiB;446MB;2.6GB;0B;0B;16;21:02:07
deno;0.00%;0.13%;42.8MiB;31.18GiB;24.5kB;5.34kB;0B;176kB;9;21:02:10
node;0.00%;0.14%;45.99MiB;31.18GiB;191MB;1.01GB;0B;4.1kB;23;21:02:10
gifted_nobel;105.75%;0.19%;62.25MiB;31.18GiB;452MB;2.66GB;0B;0B;16;21:02:10
deno;0.00%;0.13%;42.8MiB;31.18GiB;24.5kB;5.34kB;0B;176kB;9;21:02:13
node;0.00%;0.14%;45.99MiB;31.18GiB;191MB;1.01GB;0B;4.1kB;23;21:02:13
gifted_nobel;107.44%;0.20%;62.96MiB;31.18GiB;455MB;2.71GB;0B;0B;16;21:02:13
deno;0.00%;0.13%;42.8MiB;31.18GiB;24.5kB;5.34kB;0B;176kB;9;21:02:16
node;0.00%;0.14%;45.99MiB;31.18GiB;191MB;1.01GB;0B;4.1kB;23;21:02:16
gifted_nobel;105.89%;0.19%;61.53MiB;31.18GiB;461MB;2.77GB;0B;0B;16;21:02:16
deno;0.00%;0.13%;42.8MiB;31.18GiB;24.5kB;5.34kB;0B;176kB;9;21:02:19
node;0.00%;0.14%;45.99MiB;31.18GiB;191MB;1.01GB;0B;4.1kB;23;21:02:19
gifted_nobel;108.30%;0.20%;63.23MiB;31.18GiB;467MB;2.84GB;0B;0B;16;21:02:19
deno;0.00%;0.13%;42.8MiB;31.18GiB;24.5kB;5.34kB;0B;176kB;9;21:02:22
node;0.00%;0.14%;45.99MiB;31.18GiB;191MB;1.01GB;0B;4.1kB;23;21:02:22
gifted_nobel;106.81%;0.20%;63.35MiB;31.18GiB;476MB;2.93GB;0B;0B;16;21:02:22
deno;0.00%;0.13%;42.8MiB;31.18GiB;24.5kB;5.34kB;0B;176kB;9;21:02:25
node;0.00%;0.14%;45.99MiB;31.18GiB;191MB;1.01GB;0B;4.1kB;23;21:02:25
gifted_nobel;108.04%;0.20%;62.51MiB;31.18GiB;479MB;2.97GB;0B;0B;16;21:02:25
deno;0.00%;0.13%;42.8MiB;31.18GiB;24.5kB;5.34kB;0B;176kB;9;21:02:28
node;0.00%;0.14%;45.99MiB;31.18GiB;191MB;1.01GB;0B;4.1kB;23;21:02:28
gifted_nobel;106.90%;0.20%;62.79MiB;31.18GiB;485MB;3.04GB;0B;0B;16;21:02:28
deno;0.00%;0.13%;42.8MiB;31.18GiB;24.5kB;5.34kB;0B;176kB;9;21:02:31
node;0.00%;0.14%;45.99MiB;31.18GiB;191MB;1.01GB;0B;4.1kB;23;21:02:31
gifted_nobel;105.91%;0.19%;62.07MiB;31.18GiB;491MB;3.11GB;0B;0B;16;21:02:31
deno;0.00%;0.13%;42.8MiB;31.18GiB;24.5kB;5.34kB;0B;176kB;9;21:02:34
node;0.00%;0.14%;45.99MiB;31.18GiB;191MB;1.01GB;0B;4.1kB;23;21:02:34
gifted_nobel;106.94%;0.20%;63.21MiB;31.18GiB;498MB;3.18GB;0B;0B;16;21:02:34
deno;0.00%;0.13%;42.8MiB;31.18GiB;24.5kB;5.34kB;0B;176kB;9;21:02:37
node;0.00%;0.14%;45.99MiB;31.18GiB;191MB;1.01GB;0B;4.1kB;23;21:02:37
gifted_nobel;129.44%;0.29%;92.88MiB;31.18GiB;503MB;3.23GB;0B;0B;24;21:02:37
deno;0.00%;0.13%;42.8MiB;31.18GiB;24.5kB;5.34kB;0B;176kB;9;21:02:40
node;0.00%;0.14%;45.99MiB;31.18GiB;191MB;1.01GB;0B;4.1kB;23;21:02:40
gifted_nobel;141.72%;0.43%;137.4MiB;31.18GiB;507MB;3.24GB;0B;0B;24;21:02:40
deno;0.00%;0.13%;42.8MiB;31.18GiB;24.6kB;5.34kB;0B;176kB;9;21:02:43
node;0.00%;0.14%;45.99MiB;31.18GiB;191MB;1.01GB;0B;4.1kB;23;21:02:43
gifted_nobel;138.70%;0.45%;144.5MiB;31.18GiB;510MB;3.24GB;0B;0B;24;21:02:43
deno;0.00%;0.13%;42.8MiB;31.18GiB;24.6kB;5.34kB;0B;176kB;9;21:02:46
node;0.00%;0.14%;45.99MiB;31.18GiB;191MB;1.01GB;0B;4.1kB;23;21:02:46
gifted_nobel;141.15%;0.48%;152.7MiB;31.18GiB;515MB;3.25GB;0B;0B;24;21:02:46
deno;0.00%;0.13%;42.8MiB;31.18GiB;24.6kB;5.34kB;0B;176kB;9;21:02:49
node;0.00%;0.14%;45.99MiB;31.18GiB;191MB;1.01GB;0B;4.1kB;23;21:02:49
gifted_nobel;143.70%;0.49%;157.9MiB;31.18GiB;519MB;3.26GB;0B;0B;22;21:02:49
deno;0.00%;0.13%;42.8MiB;31.18GiB;24.6kB;5.34kB;0B;176kB;9;21:02:52
node;0.00%;0.14%;45.99MiB;31.18GiB;191MB;1.01GB;0B;4.1kB;23;21:02:52
gifted_nobel;140.23%;0.51%;161.5MiB;31.18GiB;521MB;3.27GB;0B;0B;22;21:02:52
deno;0.00%;0.13%;42.8MiB;31.18GiB;24.6kB;5.34kB;0B;176kB;9;21:02:55
node;0.00%;0.14%;45.99MiB;31.18GiB;191MB;1.01GB;0B;4.1kB;23;21:02:55
gifted_nobel;143.43%;0.52%;166.1MiB;31.18GiB;525MB;3.27GB;0B;0B;21;21:02:55
deno;0.00%;0.13%;42.8MiB;31.18GiB;24.6kB;5.34kB;0B;176kB;9;21:02:58
node;0.00%;0.14%;45.99MiB;31.18GiB;191MB;1.01GB;0B;4.1kB;23;21:02:58
gifted_nobel;145.24%;0.54%;173.7MiB;31.18GiB;530MB;3.28GB;0B;0B;21;21:02:58
deno;0.00%;0.13%;42.8MiB;31.18GiB;24.6kB;5.34kB;0B;176kB;9;21:03:01
node;0.00%;0.14%;45.99MiB;31.18GiB;191MB;1.01GB;0B;4.1kB;23;21:03:01
gifted_nobel;143.91%;0.56%;179.8MiB;31.18GiB;533MB;3.29GB;0B;0B;21;21:03:01
deno;0.00%;0.13%;42.8MiB;31.18GiB;24.6kB;5.34kB;0B;176kB;9;21:03:04
node;0.00%;0.14%;45.99MiB;31.18GiB;191MB;1.01GB;0B;4.1kB;23;21:03:04
gifted_nobel;144.86%;0.57%;183.6MiB;31.18GiB;536MB;3.3GB;0B;0B;21;21:03:04
deno;0.00%;0.13%;42.8MiB;31.18GiB;24.6kB;5.34kB;0B;176kB;9;21:03:07
node;0.00%;0.14%;45.99MiB;31.18GiB;191MB;1.01GB;0B;4.1kB;23;21:03:07
gifted_nobel;139.76%;0.59%;189.4MiB;31.18GiB;539MB;3.3GB;0B;0B;21;21:03:07
deno;0.00%;0.13%;42.8MiB;31.18GiB;24.6kB;5.34kB;0B;176kB;9;21:03:10
node;0.00%;0.14%;45.99MiB;31.18GiB;191MB;1.01GB;0B;4.1kB;23;21:03:10
gifted_nobel;144.24%;0.61%;195MiB;31.18GiB;543MB;3.31GB;0B;0B;21;21:03:10
deno;0.00%;0.13%;42.8MiB;31.18GiB;24.6kB;5.34kB;0B;176kB;9;21:03:13
node;0.00%;0.14%;45.99MiB;31.18GiB;191MB;1.01GB;0B;4.1kB;23;21:03:13
gifted_nobel;143.59%;0.63%;200.5MiB;31.18GiB;546MB;3.32GB;0B;0B;21;21:03:13
deno;0.00%;0.13%;42.8MiB;31.18GiB;24.6kB;5.34kB;0B;176kB;9;21:03:16
node;0.00%;0.14%;45.99MiB;31.18GiB;191MB;1.01GB;0B;4.1kB;23;21:03:16
gifted_nobel;142.35%;0.65%;206.5MiB;31.18GiB;550MB;3.33GB;0B;0B;21;21:03:16
deno;0.00%;0.13%;42.8MiB;31.18GiB;24.6kB;5.34kB;0B;176kB;9;21:03:19
node;0.00%;0.14%;45.99MiB;31.18GiB;191MB;1.01GB;0B;4.1kB;23;21:03:19
gifted_nobel;147.80%;0.67%;213.5MiB;31.18GiB;555MB;3.34GB;0B;0B;21;21:03:19
deno;0.00%;0.13%;42.8MiB;31.18GiB;24.6kB;5.34kB;0B;176kB;9;21:03:22
node;0.00%;0.14%;45.99MiB;31.18GiB;191MB;1.01GB;0B;4.1kB;23;21:03:22
gifted_nobel;141.52%;0.68%;217.6MiB;31.18GiB;557MB;3.34GB;0B;0B;21;21:03:22
deno;0.00%;0.13%;42.8MiB;31.18GiB;24.6kB;5.34kB;0B;176kB;9;21:03:25
node;0.00%;0.14%;45.99MiB;31.18GiB;191MB;1.01GB;0B;4.1kB;23;21:03:25
gifted_nobel;141.94%;0.70%;223.6MiB;31.18GiB;561MB;3.35GB;0B;0B;21;21:03:25
deno;0.00%;0.13%;42.8MiB;31.18GiB;24.6kB;5.34kB;0B;176kB;9;21:03:28
node;0.00%;0.14%;45.99MiB;31.18GiB;191MB;1.01GB;0B;4.1kB;23;21:03:28
gifted_nobel;141.13%;0.72%;229.1MiB;31.18GiB;565MB;3.36GB;0B;0B;21;21:03:28
deno;0.00%;0.13%;42.8MiB;31.18GiB;24.6kB;5.34kB;0B;176kB;9;21:03:31
node;0.00%;0.14%;45.99MiB;31.18GiB;191MB;1.01GB;0B;4.1kB;23;21:03:31
gifted_nobel;138.48%;0.74%;236.7MiB;31.18GiB;569MB;3.37GB;0B;0B;21;21:03:31
deno;0.00%;0.13%;42.8MiB;31.18GiB;24.6kB;5.34kB;0B;176kB;9;21:03:34
node;0.00%;0.14%;45.99MiB;31.18GiB;191MB;1.01GB;0B;4.1kB;23;21:03:34
gifted_nobel;142.25%;0.75%;240.5MiB;31.18GiB;572MB;3.37GB;0B;0B;21;21:03:34
deno;0.00%;0.13%;42.8MiB;31.18GiB;24.6kB;5.34kB;0B;176kB;9;21:03:38
node;0.00%;0.14%;45.99MiB;31.18GiB;191MB;1.01GB;0B;4.1kB;23;21:03:38
gifted_nobel;143.93%;0.78%;248MiB;31.18GiB;576MB;3.38GB;0B;0B;21;21:03:38
deno;0.00%;0.13%;42.8MiB;31.18GiB;24.6kB;5.34kB;0B;176kB;9;21:03:41
node;0.00%;0.14%;45.99MiB;31.18GiB;191MB;1.01GB;0B;4.1kB;23;21:03:41
gifted_nobel;137.66%;0.80%;254MiB;31.18GiB;580MB;3.39GB;0B;0B;21;21:03:41
deno;0.00%;0.13%;42.8MiB;31.18GiB;25.2kB;5.34kB;0B;176kB;9;21:03:44
node;0.01%;0.14%;45.99MiB;31.18GiB;191MB;1.01GB;0B;4.1kB;23;21:03:44
gifted_nobel;140.14%;0.81%;257.7MiB;31.18GiB;582MB;3.4GB;0B;0B;21;21:03:44
deno;0.00%;0.13%;42.8MiB;31.18GiB;25.4kB;5.34kB;0B;176kB;9;21:03:47
node;0.00%;0.14%;45.99MiB;31.18GiB;191MB;1.01GB;0B;4.1kB;23;21:03:47
gifted_nobel;146.45%;0.83%;265.4MiB;31.18GiB;587MB;3.41GB;0B;0B;21;21:03:47
deno;0.00%;0.13%;42.8MiB;31.18GiB;25.4kB;5.34kB;0B;176kB;9;21:03:50
node;0.00%;0.14%;45.99MiB;31.18GiB;191MB;1.01GB;0B;4.1kB;23;21:03:50
gifted_nobel;145.85%;0.84%;269MiB;31.18GiB;590MB;3.41GB;0B;0B;21;21:03:50
deno;0.00%;0.13%;42.8MiB;31.18GiB;25.4kB;5.34kB;0B;176kB;9;21:03:53
node;0.00%;0.14%;45.99MiB;31.18GiB;191MB;1.01GB;0B;4.1kB;23;21:03:53
gifted_nobel;142.59%;0.86%;275.8MiB;31.18GiB;593MB;3.42GB;0B;0B;21;21:03:53
deno;0.00%;0.13%;42.8MiB;31.18GiB;25.4kB;5.34kB;0B;176kB;9;21:03:56
node;0.00%;0.14%;45.99MiB;31.18GiB;191MB;1.01GB;0B;4.1kB;23;21:03:56
gifted_nobel;142.57%;0.88%;282.5MiB;31.18GiB;598MB;3.43GB;0B;0B;21;21:03:56
deno;0.00%;0.13%;42.8MiB;31.18GiB;25.4kB;5.34kB;0B;176kB;9;21:03:59
node;0.00%;0.14%;45.99MiB;31.18GiB;191MB;1.01GB;0B;4.1kB;23;21:03:59
gifted_nobel;146.41%;0.90%;286MiB;31.18GiB;601MB;3.44GB;0B;0B;21;21:03:59
deno;0.00%;0.13%;42.8MiB;31.18GiB;25.4kB;5.34kB;0B;176kB;9;21:04:02
node;0.00%;0.14%;45.99MiB;31.18GiB;191MB;1.01GB;0B;4.1kB;23;21:04:02
gifted_nobel;140.26%;0.91%;291.6MiB;31.18GiB;604MB;3.44GB;0B;0B;21;21:04:02
deno;0.00%;0.13%;42.8MiB;31.18GiB;25.4kB;5.34kB;0B;176kB;9;21:04:05
node;0.00%;0.14%;45.99MiB;31.18GiB;191MB;1.01GB;0B;4.1kB;23;21:04:05
gifted_nobel;142.99%;0.93%;297MiB;31.18GiB;608MB;3.45GB;0B;0B;21;21:04:05
deno;0.00%;0.13%;42.8MiB;31.18GiB;25.4kB;5.34kB;0B;176kB;9;21:04:08
node;0.00%;0.14%;45.99MiB;31.18GiB;191MB;1.01GB;0B;4.1kB;23;21:04:08
gifted_nobel;136.39%;0.95%;304.6MiB;31.18GiB;612MB;3.46GB;0B;0B;21;21:04:08
deno;0.00%;0.13%;42.8MiB;31.18GiB;25.4kB;5.34kB;0B;176kB;9;21:04:11
node;0.00%;0.14%;45.99MiB;31.18GiB;191MB;1.01GB;0B;4.1kB;23;21:04:11
gifted_nobel;142.21%;0.97%;308.2MiB;31.18GiB;615MB;3.47GB;0B;0B;21;21:04:11
deno;0.00%;0.13%;42.8MiB;31.18GiB;25.4kB;5.34kB;0B;176kB;9;21:04:14
node;0.01%;0.14%;45.99MiB;31.18GiB;191MB;1.01GB;0B;4.1kB;23;21:04:14
gifted_nobel;142.10%;0.98%;314.1MiB;31.18GiB;618MB;3.47GB;0B;0B;21;21:04:14
deno;0.00%;0.13%;42.8MiB;31.18GiB;25.4kB;5.34kB;0B;176kB;9;21:04:17
node;0.00%;0.14%;45.99MiB;31.18GiB;191MB;1.01GB;0B;4.1kB;23;21:04:17
gifted_nobel;139.52%;1.00%;319.4MiB;31.18GiB;622MB;3.48GB;0B;0B;21;21:04:17
deno;0.00%;0.13%;42.8MiB;31.18GiB;25.4kB;5.34kB;0B;176kB;9;21:04:20
node;0.00%;0.14%;45.99MiB;31.18GiB;191MB;1.01GB;0B;4.1kB;23;21:04:20
gifted_nobel;140.30%;1.02%;324.9MiB;31.18GiB;625MB;3.49GB;0B;0B;21;21:04:20
deno;0.00%;0.13%;42.8MiB;31.18GiB;25.4kB;5.34kB;0B;176kB;9;21:04:23
node;0.00%;0.14%;45.99MiB;31.18GiB;191MB;1.01GB;0B;4.1kB;23;21:04:23
gifted_nobel;134.10%;1.03%;330.2MiB;31.18GiB;629MB;3.49GB;0B;0B;21;21:04:23
deno;0.00%;0.13%;42.8MiB;31.18GiB;25.4kB;5.34kB;0B;176kB;9;21:04:26
node;0.00%;0.14%;45.99MiB;31.18GiB;191MB;1.01GB;0B;4.1kB;23;21:04:26
gifted_nobel;140.61%;1.06%;337.5MiB;31.18GiB;633MB;3.51GB;0B;0B;21;21:04:26
deno;0.00%;0.13%;42.8MiB;31.18GiB;25.4kB;5.34kB;0B;176kB;9;21:04:29
node;0.00%;0.14%;45.99MiB;31.18GiB;191MB;1.01GB;0B;4.1kB;23;21:04:29
gifted_nobel;136.21%;1.08%;343.5MiB;31.18GiB;637MB;3.51GB;0B;0B;21;21:04:29
deno;0.00%;0.13%;42.8MiB;31.18GiB;25.4kB;5.34kB;0B;176kB;9;21:04:32
node;0.00%;0.14%;45.99MiB;31.18GiB;191MB;1.01GB;0B;4.1kB;23;21:04:32
gifted_nobel;139.68%;1.09%;347.3MiB;31.18GiB;639MB;3.52GB;0B;0B;21;21:04:32
deno;0.00%;0.13%;42.8MiB;31.18GiB;25.4kB;5.34kB;0B;176kB;9;21:04:35
node;0.00%;0.14%;45.99MiB;31.18GiB;191MB;1.01GB;0B;4.1kB;23;21:04:35
gifted_nobel;141.28%;1.11%;354.5MiB;31.18GiB;644MB;3.53GB;0B;0B;21;21:04:35
deno;108.62%;0.28%;90.23MiB;31.18GiB;3.43MB;7.88MB;0B;176kB;9;21:04:38
node;0.00%;0.14%;45.99MiB;31.18GiB;191MB;1.01GB;0B;4.1kB;23;21:04:38
gifted_nobel;0.01%;1.11%;353.8MiB;31.18GiB;644MB;3.53GB;0B;0B;21;21:04:38
deno;111.16%;0.28%;90.11MiB;31.18GiB;6.23MB;14.4MB;0B;176kB;9;21:04:41
node;0.00%;0.14%;45.99MiB;31.18GiB;191MB;1.01GB;0B;4.1kB;23;21:04:41
gifted_nobel;0.00%;1.11%;353.8MiB;31.18GiB;644MB;3.53GB;0B;0B;21;21:04:41
deno;112.92%;0.28%;90.26MiB;31.18GiB;11.7MB;27.2MB;0B;176kB;9;21:04:44
node;0.01%;0.14%;46MiB;31.18GiB;191MB;1.01GB;0B;4.1kB;23;21:04:44
gifted_nobel;0.00%;1.11%;353.8MiB;31.18GiB;644MB;3.53GB;0B;0B;21;21:04:44
deno;110.42%;0.28%;90.26MiB;31.18GiB;15.6MB;36.3MB;0B;176kB;9;21:04:47
node;0.00%;0.14%;46MiB;31.18GiB;191MB;1.01GB;0B;4.1kB;23;21:04:47
gifted_nobel;0.03%;1.11%;353.3MiB;31.18GiB;644MB;3.53GB;0B;0B;14;21:04:47
deno;109.63%;0.28%;90.26MiB;31.18GiB;19.8MB;46MB;0B;176kB;9;21:04:50
node;0.00%;0.14%;46MiB;31.18GiB;191MB;1.01GB;0B;4.1kB;23;21:04:50
gifted_nobel;0.00%;1.11%;353.3MiB;31.18GiB;644MB;3.53GB;0B;0B;14;21:04:50
deno;113.20%;0.28%;90.27MiB;31.18GiB;22.6MB;52.6MB;0B;176kB;9;21:04:53
node;0.00%;0.14%;46MiB;31.18GiB;191MB;1.01GB;0B;4.1kB;23;21:04:53
gifted_nobel;0.01%;1.11%;353.3MiB;31.18GiB;644MB;3.53GB;0B;0B;14;21:04:53
deno;111.21%;0.28%;90.27MiB;31.18GiB;28.3MB;65.8MB;0B;176kB;9;21:04:56
node;0.00%;0.14%;46MiB;31.18GiB;191MB;1.01GB;0B;4.1kB;23;21:04:56
gifted_nobel;0.00%;1.11%;353.3MiB;31.18GiB;644MB;3.53GB;0B;0B;14;21:04:56
deno;111.84%;0.28%;90.27MiB;31.18GiB;31MB;72.2MB;0B;176kB;9;21:04:59
node;0.00%;0.14%;46MiB;31.18GiB;191MB;1.01GB;0B;4.1kB;23;21:04:59
gifted_nobel;0.00%;1.11%;353.3MiB;31.18GiB;644MB;3.53GB;0B;0B;13;21:04:59
deno;107.25%;0.28%;90.27MiB;31.18GiB;36.5MB;85MB;0B;176kB;9;21:05:02
node;0.00%;0.14%;46MiB;31.18GiB;191MB;1.01GB;0B;4.1kB;23;21:05:02
gifted_nobel;0.00%;1.11%;353.3MiB;31.18GiB;644MB;3.53GB;0B;0B;13;21:05:02
deno;111.34%;0.28%;90.27MiB;31.18GiB;40.8MB;94.9MB;0B;176kB;9;21:05:05
node;0.00%;0.14%;46MiB;31.18GiB;191MB;1.01GB;0B;4.1kB;23;21:05:05
gifted_nobel;0.00%;1.11%;353.3MiB;31.18GiB;644MB;3.53GB;0B;0B;13;21:05:05
deno;111.68%;0.28%;90.27MiB;31.18GiB;43.6MB;102MB;0B;176kB;9;21:05:08
node;0.00%;0.14%;46MiB;31.18GiB;191MB;1.01GB;0B;4.1kB;23;21:05:08
gifted_nobel;0.00%;1.11%;353.3MiB;31.18GiB;644MB;3.53GB;0B;0B;13;21:05:08
deno;109.36%;0.28%;90.4MiB;31.18GiB;47.8MB;111MB;0B;176kB;9;21:05:11
node;0.00%;0.14%;46MiB;31.18GiB;191MB;1.01GB;0B;4.1kB;23;21:05:11
gifted_nobel;0.00%;1.11%;353.3MiB;31.18GiB;644MB;3.53GB;0B;0B;13;21:05:11
deno;110.46%;0.28%;90.28MiB;31.18GiB;52MB;121MB;0B;176kB;9;21:05:14
node;0.01%;0.14%;46MiB;31.18GiB;191MB;1.01GB;0B;4.1kB;23;21:05:14
gifted_nobel;0.00%;1.11%;353.3MiB;31.18GiB;644MB;3.53GB;0B;0B;13;21:05:14
deno;107.96%;0.28%;90.28MiB;31.18GiB;57.3MB;133MB;0B;176kB;9;21:05:17
node;0.00%;0.14%;46MiB;31.18GiB;191MB;1.01GB;0B;4.1kB;23;21:05:17
gifted_nobel;0.00%;1.11%;353.3MiB;31.18GiB;644MB;3.53GB;0B;0B;13;21:05:17
deno;110.23%;0.28%;90.28MiB;31.18GiB;60.1MB;140MB;0B;176kB;9;21:05:20
node;0.00%;0.14%;46MiB;31.18GiB;191MB;1.01GB;0B;4.1kB;23;21:05:20
gifted_nobel;0.00%;1.11%;353.3MiB;31.18GiB;644MB;3.53GB;0B;0B;13;21:05:20
deno;109.94%;0.28%;90.28MiB;31.18GiB;65.8MB;153MB;0B;176kB;9;21:05:24
node;0.00%;0.14%;46MiB;31.18GiB;191MB;1.01GB;0B;4.1kB;23;21:05:24
gifted_nobel;0.00%;1.11%;353.3MiB;31.18GiB;644MB;3.53GB;0B;0B;13;21:05:24
deno;108.49%;0.28%;90.28MiB;31.18GiB;68.6MB;160MB;0B;176kB;9;21:05:27
node;0.00%;0.14%;46MiB;31.18GiB;191MB;1.01GB;0B;4.1kB;23;21:05:27
gifted_nobel;0.00%;1.11%;353.3MiB;31.18GiB;644MB;3.53GB;0B;0B;13;21:05:27
deno;111.87%;0.28%;90.28MiB;31.18GiB;74.2MB;173MB;0B;176kB;9;21:05:30
node;0.00%;0.14%;46MiB;31.18GiB;191MB;1.01GB;0B;4.1kB;23;21:05:30
gifted_nobel;0.00%;1.11%;353.3MiB;31.18GiB;644MB;3.53GB;0B;0B;13;21:05:30
deno;110.67%;0.28%;90.28MiB;31.18GiB;78.5MB;183MB;0B;176kB;9;21:05:33
node;0.00%;0.14%;46MiB;31.18GiB;191MB;1.01GB;0B;4.1kB;23;21:05:33
gifted_nobel;0.00%;1.11%;353.3MiB;31.18GiB;644MB;3.53GB;0B;0B;13;21:05:33
deno;110.92%;0.28%;90.28MiB;31.18GiB;82.7MB;193MB;0B;176kB;9;21:05:36
node;0.00%;0.14%;46MiB;31.18GiB;191MB;1.01GB;0B;4.1kB;23;21:05:36
gifted_nobel;0.00%;1.11%;353.3MiB;31.18GiB;644MB;3.53GB;0B;0B;13;21:05:36
deno;110.49%;0.28%;90.28MiB;31.18GiB;87.1MB;203MB;0B;176kB;9;21:05:39
node;0.00%;0.14%;46MiB;31.18GiB;191MB;1.01GB;0B;4.1kB;23;21:05:39
gifted_nobel;0.00%;1.11%;353.3MiB;31.18GiB;644MB;3.53GB;0B;0B;13;21:05:39
deno;108.72%;0.28%;90.28MiB;31.18GiB;89.9MB;209MB;0B;176kB;9;21:05:42
node;0.00%;0.14%;46MiB;31.18GiB;191MB;1.01GB;0B;4.1kB;23;21:05:42
gifted_nobel;0.00%;1.11%;353.3MiB;31.18GiB;644MB;3.53GB;0B;0B;13;21:05:42
deno;112.07%;0.28%;90.28MiB;31.18GiB;95.6MB;223MB;0B;176kB;9;21:05:45
node;0.00%;0.14%;46MiB;31.18GiB;191MB;1.01GB;0B;4.1kB;23;21:05:45
gifted_nobel;0.00%;1.11%;353.3MiB;31.18GiB;644MB;3.53GB;0B;0B;13;21:05:45
deno;109.02%;0.28%;90.28MiB;31.18GiB;99.8MB;232MB;0B;176kB;9;21:05:48
node;0.00%;0.14%;46MiB;31.18GiB;191MB;1.01GB;0B;4.1kB;23;21:05:48
gifted_nobel;0.00%;1.11%;353.3MiB;31.18GiB;644MB;3.53GB;0B;0B;13;21:05:48
deno;106.63%;0.28%;90.28MiB;31.18GiB;104MB;242MB;0B;176kB;9;21:05:51
node;0.00%;0.14%;46MiB;31.18GiB;191MB;1.01GB;0B;4.1kB;23;21:05:51
gifted_nobel;0.00%;1.11%;353.3MiB;31.18GiB;644MB;3.53GB;0B;0B;13;21:05:51
deno;110.68%;0.28%;90.28MiB;31.18GiB;108MB;252MB;0B;176kB;9;21:05:54
node;0.00%;0.14%;46MiB;31.18GiB;191MB;1.01GB;0B;4.1kB;23;21:05:54
gifted_nobel;0.00%;1.11%;353.3MiB;31.18GiB;644MB;3.53GB;0B;0B;13;21:05:54
deno;111.42%;0.28%;90.28MiB;31.18GiB;113MB;262MB;0B;176kB;9;21:05:57
node;0.00%;0.14%;46MiB;31.18GiB;191MB;1.01GB;0B;4.1kB;23;21:05:57
gifted_nobel;0.00%;1.11%;353.3MiB;31.18GiB;644MB;3.53GB;0B;0B;13;21:05:57
deno;107.69%;0.28%;90.28MiB;31.18GiB;117MB;272MB;0B;176kB;9;21:06:00
node;0.00%;0.14%;46MiB;31.18GiB;191MB;1.01GB;0B;4.1kB;23;21:06:00
gifted_nobel;0.00%;1.11%;353.3MiB;31.18GiB;644MB;3.53GB;0B;0B;13;21:06:00
deno;111.44%;0.28%;90.28MiB;31.18GiB;120MB;279MB;0B;176kB;9;21:06:03
node;0.00%;0.14%;46MiB;31.18GiB;191MB;1.01GB;0B;4.1kB;23;21:06:03
gifted_nobel;0.00%;1.11%;353.3MiB;31.18GiB;644MB;3.53GB;0B;0B;13;21:06:03
deno;110.13%;0.28%;90.28MiB;31.18GiB;126MB;292MB;0B;176kB;9;21:06:06
node;0.00%;0.14%;46MiB;31.18GiB;191MB;1.01GB;0B;4.1kB;23;21:06:06
gifted_nobel;0.00%;1.11%;353.3MiB;31.18GiB;644MB;3.53GB;0B;0B;13;21:06:06
deno;111.86%;0.28%;90.28MiB;31.18GiB;130MB;302MB;0B;176kB;9;21:06:09
node;0.00%;0.14%;46MiB;31.18GiB;191MB;1.01GB;0B;4.1kB;23;21:06:09
gifted_nobel;0.00%;1.11%;353.3MiB;31.18GiB;644MB;3.53GB;0B;0B;13;21:06:09
deno;109.76%;0.28%;90.28MiB;31.18GiB;133MB;309MB;0B;176kB;9;21:06:12
node;0.00%;0.14%;46MiB;31.18GiB;191MB;1.01GB;0B;4.1kB;23;21:06:12
gifted_nobel;0.00%;1.11%;353.3MiB;31.18GiB;644MB;3.53GB;0B;0B;13;21:06:12
deno;110.05%;0.28%;90.28MiB;31.18GiB;138MB;322MB;0B;176kB;9;21:06:15
node;0.00%;0.14%;46MiB;31.18GiB;191MB;1.01GB;0B;4.1kB;23;21:06:15
gifted_nobel;0.00%;1.11%;353.3MiB;31.18GiB;644MB;3.53GB;0B;0B;13;21:06:15
deno;109.21%;0.28%;90.28MiB;31.18GiB;141MB;328MB;0B;176kB;9;21:06:18
node;0.00%;0.14%;46MiB;31.18GiB;191MB;1.01GB;0B;4.1kB;23;21:06:18
gifted_nobel;0.00%;1.11%;353.3MiB;31.18GiB;644MB;3.53GB;0B;0B;13;21:06:18
deno;109.72%;0.28%;90.28MiB;31.18GiB;145MB;339MB;0B;176kB;9;21:06:21
node;0.00%;0.14%;46MiB;31.18GiB;191MB;1.01GB;0B;4.1kB;23;21:06:21
gifted_nobel;0.00%;1.11%;353.3MiB;31.18GiB;644MB;3.53GB;0B;0B;13;21:06:21
deno;111.31%;0.28%;90.28MiB;31.18GiB;149MB;348MB;0B;176kB;9;21:06:24
node;0.00%;0.14%;46MiB;31.18GiB;191MB;1.01GB;0B;4.1kB;23;21:06:24
gifted_nobel;0.00%;1.11%;353.3MiB;31.18GiB;644MB;3.53GB;0B;0B;13;21:06:24
deno;110.26%;0.28%;90.28MiB;31.18GiB;155MB;362MB;0B;176kB;9;21:06:27
node;0.00%;0.14%;46MiB;31.18GiB;191MB;1.01GB;0B;4.1kB;23;21:06:27
gifted_nobel;0.00%;1.11%;353.3MiB;31.18GiB;644MB;3.53GB;0B;0B;13;21:06:27
deno;106.31%;0.28%;90.28MiB;31.18GiB;159MB;371MB;0B;176kB;9;21:06:30
node;0.00%;0.14%;46MiB;31.18GiB;191MB;1.01GB;0B;4.1kB;23;21:06:30
gifted_nobel;0.00%;1.11%;353.3MiB;31.18GiB;644MB;3.53GB;0B;0B;13;21:06:30
deno;111.05%;0.28%;90.28MiB;31.18GiB;164MB;381MB;0B;176kB;9;21:06:33
node;0.00%;0.14%;46MiB;31.18GiB;191MB;1.01GB;0B;4.1kB;23;21:06:33
gifted_nobel;0.00%;1.11%;353.3MiB;31.18GiB;644MB;3.53GB;0B;0B;13;21:06:33
deno;113.30%;0.28%;90.28MiB;31.18GiB;166MB;388MB;0B;176kB;9;21:06:36
node;0.00%;0.14%;46MiB;31.18GiB;191MB;1.01GB;0B;4.1kB;23;21:06:36
gifted_nobel;0.00%;1.11%;353.3MiB;31.18GiB;644MB;3.53GB;0B;0B;13;21:06:36
deno;106.37%;0.28%;90.44MiB;31.18GiB;172MB;429MB;0B;176kB;9;21:06:39
node;0.00%;0.14%;46MiB;31.18GiB;191MB;1.01GB;0B;4.1kB;23;21:06:39
gifted_nobel;0.00%;1.11%;353.3MiB;31.18GiB;644MB;3.53GB;0B;0B;13;21:06:39
deno;111.41%;0.28%;90.57MiB;31.18GiB;180MB;489MB;0B;176kB;9;21:06:42
node;0.00%;0.14%;46MiB;31.18GiB;191MB;1.01GB;0B;4.1kB;23;21:06:42
gifted_nobel;0.00%;1.11%;353.3MiB;31.18GiB;644MB;3.53GB;0B;0B;13;21:06:42
deno;108.08%;0.28%;90.49MiB;31.18GiB;184MB;519MB;0B;176kB;9;21:06:45
node;0.00%;0.14%;46MiB;31.18GiB;191MB;1.01GB;0B;4.1kB;23;21:06:45
gifted_nobel;0.00%;1.11%;353.3MiB;31.18GiB;644MB;3.53GB;0B;0B;13;21:06:45
deno;110.32%;0.28%;90.61MiB;31.18GiB;190MB;565MB;0B;176kB;9;21:06:48
node;0.00%;0.14%;46MiB;31.18GiB;191MB;1.01GB;0B;4.1kB;23;21:06:48
gifted_nobel;0.00%;1.11%;353.3MiB;31.18GiB;644MB;3.53GB;0B;0B;13;21:06:48
deno;110.37%;0.28%;90.46MiB;31.18GiB;196MB;610MB;0B;176kB;9;21:06:51
node;0.00%;0.14%;46MiB;31.18GiB;191MB;1.01GB;0B;4.1kB;23;21:06:51
gifted_nobel;0.00%;1.11%;353.3MiB;31.18GiB;644MB;3.53GB;0B;0B;13;21:06:51
deno;111.00%;0.28%;90.57MiB;31.18GiB;203MB;668MB;0B;176kB;9;21:06:54
node;0.00%;0.14%;46MiB;31.18GiB;191MB;1.01GB;0B;4.1kB;23;21:06:54
gifted_nobel;0.00%;1.11%;353.3MiB;31.18GiB;644MB;3.53GB;0B;0B;13;21:06:54
deno;108.60%;0.28%;90.77MiB;31.18GiB;209MB;713MB;0B;176kB;9;21:06:57
node;0.00%;0.14%;46MiB;31.18GiB;191MB;1.01GB;0B;4.1kB;23;21:06:57
gifted_nobel;0.00%;1.11%;353.3MiB;31.18GiB;644MB;3.53GB;0B;0B;13;21:06:57
deno;109.72%;0.28%;90.7MiB;31.18GiB;215MB;758MB;0B;176kB;9;21:07:00
node;0.00%;0.14%;46MiB;31.18GiB;191MB;1.01GB;0B;4.1kB;23;21:07:00
gifted_nobel;0.00%;1.11%;353.3MiB;31.18GiB;644MB;3.53GB;0B;0B;13;21:07:00
deno;108.24%;0.28%;90.73MiB;31.18GiB;221MB;802MB;0B;176kB;9;21:07:03
node;0.00%;0.14%;46MiB;31.18GiB;191MB;1.01GB;0B;4.1kB;23;21:07:03
gifted_nobel;0.00%;1.11%;353.3MiB;31.18GiB;644MB;3.53GB;0B;0B;13;21:07:03
deno;111.58%;0.28%;90.73MiB;31.18GiB;227MB;846MB;0B;176kB;9;21:07:06
node;0.00%;0.14%;46MiB;31.18GiB;191MB;1.01GB;0B;4.1kB;23;21:07:06
gifted_nobel;0.00%;1.11%;353.3MiB;31.18GiB;644MB;3.53GB;0B;0B;13;21:07:06
deno;109.36%;0.28%;90.56MiB;31.18GiB;233MB;892MB;0B;176kB;9;21:07:09
node;0.00%;0.14%;46MiB;31.18GiB;191MB;1.01GB;0B;4.1kB;23;21:07:09
gifted_nobel;0.00%;1.11%;353.3MiB;31.18GiB;644MB;3.53GB;0B;0B;13;21:07:09
deno;110.19%;0.28%;90.57MiB;31.18GiB;237MB;922MB;0B;176kB;9;21:07:12
node;0.00%;0.14%;46MiB;31.18GiB;191MB;1.01GB;0B;4.1kB;23;21:07:12
gifted_nobel;0.00%;1.11%;353.3MiB;31.18GiB;644MB;3.53GB;0B;0B;13;21:07:12
deno;109.62%;0.28%;90.55MiB;31.18GiB;245MB;981MB;0B;176kB;9;21:07:15
node;0.01%;0.14%;46MiB;31.18GiB;191MB;1.01GB;0B;4.1kB;23;21:07:15
gifted_nobel;0.00%;1.11%;353.3MiB;31.18GiB;644MB;3.53GB;0B;0B;13;21:07:15
deno;110.44%;0.28%;90.62MiB;31.18GiB;250MB;1.02GB;0B;176kB;9;21:07:18
node;0.00%;0.14%;46MiB;31.18GiB;191MB;1.01GB;0B;4.1kB;23;21:07:18
gifted_nobel;0.00%;1.11%;353.3MiB;31.18GiB;644MB;3.53GB;0B;0B;13;21:07:18
deno;111.06%;0.28%;90.53MiB;31.18GiB;256MB;1.07GB;0B;176kB;9;21:07:21
node;0.00%;0.14%;46MiB;31.18GiB;191MB;1.01GB;0B;4.1kB;23;21:07:21
gifted_nobel;0.00%;1.11%;353.3MiB;31.18GiB;644MB;3.53GB;0B;0B;13;21:07:21
deno;111.24%;0.28%;90.64MiB;31.18GiB;262MB;1.11GB;0B;176kB;9;21:07:24
node;0.00%;0.14%;46MiB;31.18GiB;191MB;1.01GB;0B;4.1kB;23;21:07:24
gifted_nobel;0.00%;1.11%;353.3MiB;31.18GiB;644MB;3.53GB;0B;0B;13;21:07:24
deno;108.80%;0.28%;90.5MiB;31.18GiB;266MB;1.14GB;0B;176kB;9;21:07:27
node;0.00%;0.14%;46MiB;31.18GiB;191MB;1.01GB;0B;4.1kB;23;21:07:27
gifted_nobel;0.00%;1.11%;353.3MiB;31.18GiB;644MB;3.53GB;0B;0B;13;21:07:27
deno;109.59%;0.28%;90.61MiB;31.18GiB;274MB;1.2GB;0B;176kB;9;21:07:31
node;0.00%;0.14%;46MiB;31.18GiB;191MB;1.01GB;0B;4.1kB;23;21:07:31
gifted_nobel;0.00%;1.11%;353.3MiB;31.18GiB;644MB;3.53GB;0B;0B;13;21:07:31
deno;109.48%;0.28%;90.57MiB;31.18GiB;277MB;1.23GB;0B;176kB;9;21:07:34
node;0.00%;0.14%;46MiB;31.18GiB;191MB;1.01GB;0B;4.1kB;23;21:07:34
gifted_nobel;0.00%;1.11%;353.3MiB;31.18GiB;644MB;3.53GB;0B;0B;13;21:07:34
deno;108.12%;0.28%;90.53MiB;31.18GiB;283MB;1.28GB;0B;176kB;9;21:07:37
node;0.00%;0.14%;46MiB;31.18GiB;191MB;1.01GB;0B;4.1kB;23;21:07:37
gifted_nobel;0.00%;1.11%;353.3MiB;31.18GiB;644MB;3.53GB;0B;0B;13;21:07:37
deno;108.40%;0.28%;90.66MiB;31.18GiB;291MB;1.34GB;0B;176kB;9;21:07:40
node;0.00%;0.14%;46MiB;31.18GiB;191MB;1.01GB;0B;4.1kB;23;21:07:40
gifted_nobel;0.00%;1.11%;353.3MiB;31.18GiB;644MB;3.53GB;0B;0B;13;21:07:40
deno;110.77%;0.28%;90.58MiB;31.18GiB;297MB;1.38GB;0B;176kB;9;21:07:43
node;0.00%;0.14%;46MiB;31.18GiB;191MB;1.01GB;0B;4.1kB;23;21:07:43
gifted_nobel;0.00%;1.11%;353.3MiB;31.18GiB;644MB;3.53GB;0B;0B;13;21:07:43
deno;108.27%;0.28%;90.53MiB;31.18GiB;303MB;1.42GB;0B;176kB;9;21:07:46
node;0.01%;0.14%;46MiB;31.18GiB;191MB;1.01GB;0B;4.1kB;23;21:07:46
gifted_nobel;0.00%;1.11%;353.3MiB;31.18GiB;644MB;3.53GB;0B;0B;13;21:07:46
deno;108.53%;0.28%;90.57MiB;31.18GiB;307MB;1.45GB;0B;176kB;9;21:07:49
node;0.00%;0.14%;46MiB;31.18GiB;191MB;1.01GB;0B;4.1kB;23;21:07:49
gifted_nobel;0.00%;1.11%;353.3MiB;31.18GiB;644MB;3.53GB;0B;0B;13;21:07:49
deno;110.23%;0.28%;90.56MiB;31.18GiB;312MB;1.5GB;0B;176kB;9;21:07:52
node;0.00%;0.14%;46MiB;31.18GiB;191MB;1.01GB;0B;4.1kB;23;21:07:52
gifted_nobel;0.00%;1.11%;353.3MiB;31.18GiB;644MB;3.53GB;0B;0B;13;21:07:52
deno;110.04%;0.28%;90.69MiB;31.18GiB;318MB;1.54GB;0B;176kB;9;21:07:55
node;0.00%;0.14%;46MiB;31.18GiB;191MB;1.01GB;0B;4.1kB;23;21:07:55
gifted_nobel;0.00%;1.11%;353.3MiB;31.18GiB;644MB;3.53GB;0B;0B;13;21:07:55
deno;109.17%;0.28%;90.58MiB;31.18GiB;326MB;1.6GB;0B;176kB;9;21:07:58
node;0.00%;0.14%;46MiB;31.18GiB;191MB;1.01GB;0B;4.1kB;23;21:07:58
gifted_nobel;0.00%;1.11%;353.3MiB;31.18GiB;644MB;3.53GB;0B;0B;13;21:07:58
deno;110.83%;0.28%;90.58MiB;31.18GiB;330MB;1.63GB;0B;176kB;9;21:08:01
node;0.00%;0.14%;46MiB;31.18GiB;191MB;1.01GB;0B;4.1kB;23;21:08:01
gifted_nobel;0.00%;1.11%;353.3MiB;31.18GiB;644MB;3.53GB;0B;0B;13;21:08:01
deno;107.17%;0.28%;90.71MiB;31.18GiB;336MB;1.68GB;0B;176kB;9;21:08:04
node;0.00%;0.14%;46MiB;31.18GiB;191MB;1.01GB;0B;4.1kB;23;21:08:04
gifted_nobel;0.00%;1.11%;353.3MiB;31.18GiB;644MB;3.53GB;0B;0B;13;21:08:04
deno;110.60%;0.28%;90.6MiB;31.18GiB;344MB;1.74GB;0B;176kB;9;21:08:07
node;0.00%;0.14%;46MiB;31.18GiB;191MB;1.01GB;0B;4.1kB;23;21:08:07
gifted_nobel;0.00%;1.11%;353.3MiB;31.18GiB;644MB;3.53GB;0B;0B;13;21:08:07
deno;111.24%;0.28%;90.76MiB;31.18GiB;348MB;1.77GB;0B;176kB;9;21:08:10
node;0.00%;0.14%;46MiB;31.18GiB;191MB;1.01GB;0B;4.1kB;23;21:08:10
gifted_nobel;0.00%;1.11%;353.3MiB;31.18GiB;644MB;3.53GB;0B;0B;13;21:08:10
deno;110.14%;0.28%;90.53MiB;31.18GiB;356MB;1.83GB;0B;176kB;9;21:08:13
node;0.00%;0.14%;46MiB;31.18GiB;191MB;1.01GB;0B;4.1kB;23;21:08:13
gifted_nobel;0.00%;1.11%;353.3MiB;31.18GiB;644MB;3.53GB;0B;0B;13;21:08:13
deno;110.53%;0.28%;90.66MiB;31.18GiB;359MB;1.86GB;0B;176kB;9;21:08:16
node;0.00%;0.14%;46MiB;31.18GiB;191MB;1.01GB;0B;4.1kB;23;21:08:16
gifted_nobel;0.00%;1.11%;353.3MiB;31.18GiB;644MB;3.53GB;0B;0B;13;21:08:16
deno;110.77%;0.28%;90.54MiB;31.18GiB;367MB;1.92GB;0B;176kB;9;21:08:19
node;0.00%;0.14%;46MiB;31.18GiB;191MB;1.01GB;0B;4.1kB;23;21:08:19
gifted_nobel;0.00%;1.11%;353.3MiB;31.18GiB;644MB;3.53GB;0B;0B;13;21:08:19
deno;110.11%;0.28%;90.55MiB;31.18GiB;371MB;1.95GB;0B;176kB;9;21:08:22
node;0.00%;0.14%;46MiB;31.18GiB;191MB;1.01GB;0B;4.1kB;23;21:08:22
gifted_nobel;0.00%;1.11%;353.3MiB;31.18GiB;644MB;3.53GB;0B;0B;13;21:08:22
deno;112.20%;0.28%;90.63MiB;31.18GiB;377MB;1.99GB;0B;176kB;9;21:08:25
node;0.00%;0.14%;46MiB;31.18GiB;191MB;1.01GB;0B;4.1kB;23;21:08:25
gifted_nobel;0.00%;1.11%;353.3MiB;31.18GiB;644MB;3.53GB;0B;0B;13;21:08:25
deno;108.07%;0.28%;90.56MiB;31.18GiB;383MB;2.04GB;0B;176kB;9;21:08:28
node;0.00%;0.14%;46MiB;31.18GiB;191MB;1.01GB;0B;4.1kB;23;21:08:28
gifted_nobel;0.00%;1.11%;353.3MiB;31.18GiB;644MB;3.53GB;0B;0B;13;21:08:28
deno;108.43%;0.28%;90.57MiB;31.18GiB;391MB;2.09GB;0B;176kB;9;21:08:31
node;0.00%;0.14%;46MiB;31.18GiB;191MB;1.01GB;0B;4.1kB;23;21:08:31
gifted_nobel;0.00%;1.11%;353.3MiB;31.18GiB;644MB;3.53GB;0B;0B;13;21:08:31
deno;109.99%;0.28%;90.68MiB;31.18GiB;397MB;2.14GB;0B;176kB;9;21:08:34
node;0.00%;0.14%;46MiB;31.18GiB;191MB;1.01GB;0B;4.1kB;23;21:08:34
gifted_nobel;0.00%;1.11%;353.3MiB;31.18GiB;644MB;3.53GB;0B;0B;13;21:08:34
deno;113.49%;0.30%;96.02MiB;31.18GiB;400MB;2.16GB;0B;176kB;9;21:08:37
node;0.00%;0.14%;46MiB;31.18GiB;191MB;1.01GB;0B;4.1kB;23;21:08:37
gifted_nobel;0.00%;1.11%;353.3MiB;31.18GiB;644MB;3.53GB;0B;0B;13;21:08:37
deno;113.77%;0.30%;96.58MiB;31.18GiB;403MB;2.17GB;0B;176kB;9;21:08:40
node;0.00%;0.14%;46MiB;31.18GiB;191MB;1.01GB;0B;4.1kB;23;21:08:40
gifted_nobel;0.00%;1.11%;353.3MiB;31.18GiB;644MB;3.53GB;0B;0B;13;21:08:40
deno;115.35%;0.32%;100.6MiB;31.18GiB;404MB;2.17GB;0B;176kB;9;21:08:43
node;0.00%;0.14%;46MiB;31.18GiB;191MB;1.01GB;0B;4.1kB;23;21:08:43
gifted_nobel;0.00%;1.11%;353.3MiB;31.18GiB;644MB;3.53GB;0B;0B;13;21:08:43
deno;113.27%;0.32%;101.3MiB;31.18GiB;407MB;2.18GB;0B;176kB;9;21:08:46
node;0.00%;0.14%;46MiB;31.18GiB;191MB;1.01GB;0B;4.1kB;23;21:08:46
gifted_nobel;0.00%;1.11%;353.3MiB;31.18GiB;644MB;3.53GB;0B;0B;13;21:08:46
deno;110.29%;0.32%;101.7MiB;31.18GiB;409MB;2.18GB;0B;176kB;9;21:08:49
node;0.00%;0.14%;46MiB;31.18GiB;191MB;1.01GB;0B;4.1kB;23;21:08:49
gifted_nobel;0.00%;1.11%;353.3MiB;31.18GiB;644MB;3.53GB;0B;0B;13;21:08:49
deno;114.55%;0.32%;102.4MiB;31.18GiB;412MB;2.19GB;0B;176kB;9;21:08:52
node;0.00%;0.14%;46MiB;31.18GiB;191MB;1.01GB;0B;4.1kB;23;21:08:52
gifted_nobel;0.00%;1.11%;353.3MiB;31.18GiB;644MB;3.53GB;0B;0B;13;21:08:52
deno;117.52%;0.32%;103MiB;31.18GiB;415MB;2.19GB;0B;176kB;9;21:08:55
node;0.00%;0.14%;46MiB;31.18GiB;191MB;1.01GB;0B;4.1kB;23;21:08:55
gifted_nobel;0.00%;1.11%;353.3MiB;31.18GiB;644MB;3.53GB;0B;0B;13;21:08:55
deno;114.26%;0.32%;103.4MiB;31.18GiB;417MB;2.2GB;0B;176kB;9;21:08:58
node;0.00%;0.14%;46MiB;31.18GiB;191MB;1.01GB;0B;4.1kB;23;21:08:58
gifted_nobel;0.00%;1.11%;353.3MiB;31.18GiB;644MB;3.53GB;0B;0B;13;21:08:58
deno;116.97%;0.33%;104MiB;31.18GiB;419MB;2.2GB;0B;176kB;9;21:09:01
node;0.00%;0.14%;46MiB;31.18GiB;191MB;1.01GB;0B;4.1kB;23;21:09:01
gifted_nobel;0.00%;1.11%;353.3MiB;31.18GiB;644MB;3.53GB;0B;0B;13;21:09:01
deno;114.17%;0.33%;104.5MiB;31.18GiB;421MB;2.21GB;0B;176kB;9;21:09:04
node;0.00%;0.14%;46MiB;31.18GiB;191MB;1.01GB;0B;4.1kB;23;21:09:04
gifted_nobel;0.00%;1.11%;353.3MiB;31.18GiB;644MB;3.53GB;0B;0B;13;21:09:04
deno;115.41%;0.33%;105MiB;31.18GiB;424MB;2.21GB;0B;176kB;9;21:09:07
node;0.00%;0.14%;46MiB;31.18GiB;191MB;1.01GB;0B;4.1kB;23;21:09:07
gifted_nobel;0.00%;1.11%;353.3MiB;31.18GiB;644MB;3.53GB;0B;0B;13;21:09:07
deno;116.43%;0.33%;105.5MiB;31.18GiB;426MB;2.22GB;0B;176kB;9;21:09:10
node;0.00%;0.14%;46MiB;31.18GiB;191MB;1.01GB;0B;4.1kB;23;21:09:10
gifted_nobel;0.00%;1.11%;353.3MiB;31.18GiB;644MB;3.53GB;0B;0B;13;21:09:10
deno;117.23%;0.33%;106MiB;31.18GiB;428MB;2.22GB;0B;176kB;9;21:09:13
node;0.00%;0.14%;46MiB;31.18GiB;191MB;1.01GB;0B;4.1kB;23;21:09:13
gifted_nobel;0.00%;1.11%;353.3MiB;31.18GiB;644MB;3.53GB;0B;0B;13;21:09:13
deno;116.37%;0.33%;106.4MiB;31.18GiB;430MB;2.23GB;0B;176kB;9;21:09:16
node;0.00%;0.14%;46MiB;31.18GiB;191MB;1.01GB;0B;4.1kB;23;21:09:16
gifted_nobel;0.01%;1.11%;353.3MiB;31.18GiB;644MB;3.53GB;0B;0B;13;21:09:16
deno;114.87%;0.34%;107.1MiB;31.18GiB;433MB;2.23GB;0B;176kB;9;21:09:19
node;0.00%;0.14%;46MiB;31.18GiB;191MB;1.01GB;0B;4.1kB;23;21:09:19
gifted_nobel;0.00%;1.11%;353.3MiB;31.18GiB;644MB;3.53GB;0B;0B;13;21:09:19
deno;115.12%;0.34%;107.5MiB;31.18GiB;435MB;2.24GB;0B;176kB;9;21:09:22
node;0.00%;0.14%;46MiB;31.18GiB;191MB;1.01GB;0B;4.1kB;23;21:09:22
gifted_nobel;0.00%;1.11%;353.3MiB;31.18GiB;644MB;3.53GB;0B;0B;13;21:09:22
deno;118.34%;0.34%;108.1MiB;31.18GiB;438MB;2.25GB;0B;176kB;9;21:09:25
node;0.00%;0.14%;46MiB;31.18GiB;191MB;1.01GB;0B;4.1kB;23;21:09:25
gifted_nobel;0.00%;1.11%;353.3MiB;31.18GiB;644MB;3.53GB;0B;0B;13;21:09:25
deno;114.11%;0.34%;108.4MiB;31.18GiB;439MB;2.25GB;0B;176kB;9;21:09:28
node;0.00%;0.14%;46MiB;31.18GiB;191MB;1.01GB;0B;4.1kB;23;21:09:28
gifted_nobel;0.00%;1.11%;353.3MiB;31.18GiB;644MB;3.53GB;0B;0B;13;21:09:28
deno;115.01%;0.34%;109MiB;31.18GiB;442MB;2.25GB;0B;176kB;9;21:09:32
node;0.00%;0.14%;46MiB;31.18GiB;191MB;1.01GB;0B;4.1kB;23;21:09:32
gifted_nobel;0.00%;1.11%;353.3MiB;31.18GiB;644MB;3.53GB;0B;0B;13;21:09:32
deno;116.87%;0.34%;109.7MiB;31.18GiB;445MB;2.26GB;0B;176kB;9;21:09:35
node;0.00%;0.14%;46MiB;31.18GiB;191MB;1.01GB;0B;4.1kB;23;21:09:35
gifted_nobel;0.00%;1.11%;353.3MiB;31.18GiB;644MB;3.53GB;0B;0B;13;21:09:35
deno;116.97%;0.35%;110.2MiB;31.18GiB;447MB;2.27GB;0B;176kB;9;21:09:38
node;0.00%;0.14%;46MiB;31.18GiB;191MB;1.01GB;0B;4.1kB;23;21:09:38
gifted_nobel;0.01%;1.11%;353.3MiB;31.18GiB;644MB;3.53GB;0B;0B;13;21:09:38
deno;115.51%;0.35%;110.7MiB;31.18GiB;450MB;2.27GB;0B;176kB;9;21:09:41
node;0.00%;0.14%;46MiB;31.18GiB;191MB;1.01GB;0B;4.1kB;23;21:09:41
gifted_nobel;0.00%;1.11%;353.3MiB;31.18GiB;644MB;3.53GB;0B;0B;13;21:09:41
deno;117.91%;0.35%;111MiB;31.18GiB;451MB;2.28GB;0B;176kB;9;21:09:44
node;0.00%;0.14%;46MiB;31.18GiB;191MB;1.01GB;0B;4.1kB;23;21:09:44
gifted_nobel;0.00%;1.11%;353.3MiB;31.18GiB;644MB;3.53GB;0B;0B;13;21:09:44
deno;117.41%;0.35%;111.7MiB;31.18GiB;454MB;2.28GB;0B;176kB;9;21:09:47
node;0.00%;0.14%;46MiB;31.18GiB;191MB;1.01GB;0B;4.1kB;23;21:09:47
gifted_nobel;0.00%;1.11%;353.3MiB;31.18GiB;644MB;3.53GB;0B;0B;13;21:09:47
deno;115.54%;0.35%;112.1MiB;31.18GiB;456MB;2.29GB;0B;176kB;9;21:09:50
node;0.00%;0.14%;46MiB;31.18GiB;191MB;1.01GB;0B;4.1kB;23;21:09:50
gifted_nobel;0.00%;1.11%;353.3MiB;31.18GiB;644MB;3.53GB;0B;0B;13;21:09:50
deno;116.98%;0.35%;112.7MiB;31.18GiB;459MB;2.29GB;0B;176kB;9;21:09:53
node;0.00%;0.14%;46MiB;31.18GiB;191MB;1.01GB;0B;4.1kB;23;21:09:53
gifted_nobel;0.00%;1.11%;353.3MiB;31.18GiB;644MB;3.53GB;0B;0B;13;21:09:53
deno;118.88%;0.35%;113.3MiB;31.18GiB;461MB;2.3GB;0B;176kB;9;21:09:56
node;0.00%;0.14%;46MiB;31.18GiB;191MB;1.01GB;0B;4.1kB;23;21:09:56
gifted_nobel;0.00%;1.11%;353.3MiB;31.18GiB;644MB;3.53GB;0B;0B;13;21:09:56
deno;115.93%;0.36%;113.7MiB;31.18GiB;463MB;2.3GB;0B;176kB;9;21:09:59
node;0.00%;0.14%;46MiB;31.18GiB;191MB;1.01GB;0B;4.1kB;23;21:09:59
gifted_nobel;0.00%;1.11%;353.3MiB;31.18GiB;644MB;3.53GB;0B;0B;13;21:09:59
deno;114.90%;0.36%;114.2MiB;31.18GiB;466MB;2.31GB;0B;176kB;9;21:10:02
node;0.00%;0.14%;46MiB;31.18GiB;191MB;1.01GB;0B;4.1kB;23;21:10:02
gifted_nobel;0.00%;1.11%;353.3MiB;31.18GiB;644MB;3.53GB;0B;0B;13;21:10:02
deno;114.61%;0.36%;114.5MiB;31.18GiB;467MB;2.31GB;0B;176kB;9;21:10:05
node;0.00%;0.14%;46MiB;31.18GiB;191MB;1.01GB;0B;4.1kB;23;21:10:05
gifted_nobel;0.00%;1.11%;353.3MiB;31.18GiB;644MB;3.53GB;0B;0B;13;21:10:05
deno;117.17%;0.36%;115.2MiB;31.18GiB;470MB;2.32GB;0B;176kB;9;21:10:08
node;0.00%;0.14%;46MiB;31.18GiB;191MB;1.01GB;0B;4.1kB;23;21:10:08
gifted_nobel;0.01%;1.11%;353.3MiB;31.18GiB;644MB;3.53GB;0B;0B;13;21:10:08
deno;116.13%;0.36%;115.8MiB;31.18GiB;472MB;2.32GB;0B;176kB;9;21:10:11
node;0.00%;0.14%;46MiB;31.18GiB;191MB;1.01GB;0B;4.1kB;23;21:10:11
gifted_nobel;0.00%;1.11%;353.3MiB;31.18GiB;644MB;3.53GB;0B;0B;13;21:10:11
deno;115.25%;0.36%;116.2MiB;31.18GiB;475MB;2.33GB;0B;176kB;9;21:10:14
node;0.01%;0.14%;46MiB;31.18GiB;191MB;1.01GB;0B;4.1kB;23;21:10:14
gifted_nobel;0.00%;1.11%;353.3MiB;31.18GiB;644MB;3.53GB;0B;0B;13;21:10:14
deno;115.99%;0.37%;116.6MiB;31.18GiB;476MB;2.33GB;0B;176kB;9;21:10:17
node;0.00%;0.14%;46MiB;31.18GiB;191MB;1.01GB;0B;4.1kB;23;21:10:17
gifted_nobel;0.00%;1.11%;353.3MiB;31.18GiB;644MB;3.53GB;0B;0B;13;21:10:17
deno;117.13%;0.37%;117.3MiB;31.18GiB;479MB;2.34GB;0B;176kB;9;21:10:20
node;0.00%;0.14%;46MiB;31.18GiB;191MB;1.01GB;0B;4.1kB;23;21:10:20
gifted_nobel;0.00%;1.11%;353.3MiB;31.18GiB;644MB;3.53GB;0B;0B;13;21:10:20
deno;115.80%;0.37%;117.8MiB;31.18GiB;482MB;2.35GB;0B;176kB;9;21:10:23
node;0.00%;0.14%;46MiB;31.18GiB;191MB;1.01GB;0B;4.1kB;23;21:10:23
gifted_nobel;0.00%;1.11%;353.3MiB;31.18GiB;644MB;3.53GB;0B;0B;13;21:10:23
deno;118.22%;0.37%;118.4MiB;31.18GiB;484MB;2.35GB;0B;176kB;9;21:10:26
node;0.00%;0.14%;46MiB;31.18GiB;191MB;1.01GB;0B;4.1kB;23;21:10:26
gifted_nobel;0.00%;1.11%;353.3MiB;31.18GiB;644MB;3.53GB;0B;0B;13;21:10:26
deno;113.64%;0.37%;118.8MiB;31.18GiB;486MB;2.36GB;0B;176kB;9;21:10:29
node;0.00%;0.14%;46MiB;31.18GiB;191MB;1.01GB;0B;4.1kB;23;21:10:29
gifted_nobel;0.01%;1.11%;353.3MiB;31.18GiB;644MB;3.53GB;0B;0B;13;21:10:29
deno;114.99%;0.37%;119.3MiB;31.18GiB;489MB;2.36GB;0B;176kB;9;21:10:32
node;0.00%;0.14%;46MiB;31.18GiB;191MB;1.01GB;0B;4.1kB;23;21:10:32
gifted_nobel;0.00%;1.11%;353.3MiB;31.18GiB;644MB;3.53GB;0B;0B;13;21:10:32
deno;112.87%;0.38%;119.9MiB;31.18GiB;491MB;2.37GB;0B;176kB;9;21:10:35
node;0.00%;0.14%;46MiB;31.18GiB;191MB;1.01GB;0B;4.1kB;23;21:10:35
gifted_nobel;0.00%;1.11%;353.3MiB;31.18GiB;644MB;3.53GB;0B;0B;13;21:10:35
deno;0.00%;0.37%;119.2MiB;31.18GiB;491MB;2.37GB;0B;176kB;9;21:10:38
node;0.00%;0.14%;46MiB;31.18GiB;191MB;1.01GB;0B;4.1kB;23;21:10:38
gifted_nobel;0.01%;1.11%;353.3MiB;31.18GiB;644MB;3.53GB;0B;0B;13;21:10:38
deno;0.00%;0.37%;119.2MiB;31.18GiB;491MB;2.37GB;0B;176kB;9;21:10:41
node;0.00%;0.14%;46MiB;31.18GiB;191MB;1.01GB;0B;4.1kB;23;21:10:41
gifted_nobel;0.01%;1.11%;353.3MiB;31.18GiB;644MB;3.53GB;0B;0B;13;21:10:41
deno;0.00%;0.37%;119.2MiB;31.18GiB;491MB;2.37GB;0B;176kB;9;21:10:44
node;0.00%;0.14%;46MiB;31.18GiB;191MB;1.01GB;0B;4.1kB;23;21:10:44
gifted_nobel;0.01%;1.11%;353.3MiB;31.18GiB;644MB;3.53GB;0B;0B;13;21:10:44
deno;0.00%;0.37%;119.2MiB;31.18GiB;491MB;2.37GB;0B;176kB;9;21:10:47
node;0.00%;0.14%;46MiB;31.18GiB;191MB;1.01GB;0B;4.1kB;23;21:10:47
gifted_nobel;0.01%;1.11%;353.3MiB;31.18GiB;644MB;3.53GB;0B;0B;13;21:10:47
deno;0.00%;0.37%;119.2MiB;31.18GiB;491MB;2.37GB;0B;176kB;9;21:10:50
node;0.00%;0.14%;46MiB;31.18GiB;191MB;1.01GB;0B;4.1kB;23;21:10:50
gifted_nobel;0.01%;1.11%;353.3MiB;31.18GiB;644MB;3.53GB;0B;0B;13;21:10:50
deno;0.00%;0.37%;119.2MiB;31.18GiB;491MB;2.37GB;0B;176kB;9;21:10:54
node;0.00%;0.14%;46MiB;31.18GiB;191MB;1.01GB;0B;4.1kB;23;21:10:54
gifted_nobel;0.01%;1.11%;353.3MiB;31.18GiB;644MB;3.53GB;0B;0B;13;21:10:54
deno;0.00%;0.37%;119.2MiB;31.18GiB;491MB;2.37GB;0B;176kB;9;21:10:57
node;0.00%;0.14%;46MiB;31.18GiB;191MB;1.01GB;0B;4.1kB;23;21:10:57
gifted_nobel;0.01%;1.11%;353.3MiB;31.18GiB;644MB;3.53GB;0B;0B;13;21:10:57
deno;0.00%;0.37%;119.2MiB;31.18GiB;491MB;2.37GB;0B;176kB;9;21:11:00
node;0.00%;0.14%;46MiB;31.18GiB;191MB;1.01GB;0B;4.1kB;23;21:11:00
gifted_nobel;0.01%;1.11%;353.3MiB;31.18GiB;644MB;3.53GB;0B;0B;13;21:11:00
deno;0.00%;0.37%;119.2MiB;31.18GiB;491MB;2.37GB;0B;176kB;9;21:11:03
node;0.00%;0.14%;46MiB;31.18GiB;191MB;1.01GB;0B;4.1kB;23;21:11:03
gifted_nobel;0.01%;1.11%;353.3MiB;31.18GiB;644MB;3.53GB;0B;0B;13;21:11:03
deno;0.00%;0.37%;119.2MiB;31.18GiB;491MB;2.37GB;0B;176kB;9;21:11:06
node;0.00%;0.14%;46MiB;31.18GiB;191MB;1.01GB;0B;4.1kB;23;21:11:06
gifted_nobel;0.01%;1.11%;353.3MiB;31.18GiB;644MB;3.53GB;0B;0B;13;21:11:06
deno;0.01%;0.37%;119.2MiB;31.18GiB;491MB;2.37GB;0B;176kB;9;21:11:09
node;0.00%;0.14%;46MiB;31.18GiB;191MB;1.01GB;0B;4.1kB;23;21:11:09
gifted_nobel;0.01%;1.11%;353.3MiB;31.18GiB;644MB;3.53GB;0B;0B;13;21:11:09
deno;0.00%;0.37%;119.2MiB;31.18GiB;491MB;2.37GB;0B;176kB;9;21:11:12
node;0.00%;0.14%;46MiB;31.18GiB;191MB;1.01GB;0B;4.1kB;23;21:11:12
gifted_nobel;0.01%;1.11%;353.3MiB;31.18GiB;644MB;3.53GB;0B;0B;13;21:11:12
deno;0.02%;0.37%;119.2MiB;31.18GiB;491MB;2.37GB;0B;176kB;9;21:11:15
node;0.01%;0.14%;46MiB;31.18GiB;191MB;1.01GB;0B;4.1kB;23;21:11:15
gifted_nobel;0.00%;1.11%;353.3MiB;31.18GiB;644MB;3.53GB;0B;0B;13;21:11:15
deno;0.00%;0.37%;119.2MiB;31.18GiB;491MB;2.37GB;0B;176kB;9;21:11:18
node;0.00%;0.14%;46MiB;31.18GiB;191MB;1.01GB;0B;4.1kB;23;21:11:18
gifted_nobel;0.01%;1.11%;353.3MiB;31.18GiB;644MB;3.53GB;0B;0B;13;21:11:18
deno;0.00%;0.37%;119.2MiB;31.18GiB;491MB;2.37GB;0B;176kB;9;21:11:21
node;0.00%;0.14%;46MiB;31.18GiB;191MB;1.01GB;0B;4.1kB;23;21:11:21
gifted_nobel;0.01%;1.11%;353.3MiB;31.18GiB;644MB;3.53GB;0B;0B;13;21:11:21
